Time,CPU NUM,Total Mem(bytes),Free Mem(bytes),Pecent Mem Usage,CPU Util 0,CPU Util 1,CPU Util 2,CPU Util 3,CPU Util 4,CPU Util 5,CPU Util 6,CPU Util 7,CPU Util 8,CPU Util 9,CPU Util 10,CPU Util 11,CPU Util 12,CPU Util 13,CPU Util 14,CPU Util 15,CPU Util 16,CPU Util 17,CPU Util 18,CPU Util 19,CPU Util 20,CPU Util 21,CPU Util 22,CPU Util 23
2020-04-29 20:12:01.714093739 +0000 UTC m=+2.004509052,0,50565165056,29445287936,8.71,0.00,0.00,0.00,0.00,0.00,0.00,0.00,0.51,0.51,0.50,0.50,0.50,0.50,0.00,0.00,0.50,0.50,0.50,0.50,0.50,0.50,0.00,0.00,0.50
2020-04-29 20:12:01.719747235 +0000 UTC m=+2.025717573,0,50565165056,29445287936,8.71,0.00,0.00,0.00,0.99,0.00,0.50,0.00,0.50,0.50,0.49,0.49,0.49,0.50,0.00,0.00,0.50,0.50,0.98,0.98,0.49,0.50,0.00,0.00,1.47
2020-04-29 20:12:03.714169357 +0000 UTC m=+4.004584700,0,50565165056,29443964928,8.71,0.00,0.00,0.00,0.00,0.00,0.00,0.00,0.00,0.52,0.00,0.00,0.00,0.00,0.50,0.50,1.00,0.00,0.00,0.00,0.00,0.00,0.00,0.00,0.00
2020-04-29 20:12:03.719750191 +0000 UTC m=+4.025720539,0,50565165056,29443964928,8.71,0.00,0.00,0.00,0.00,0.00,0.00,0.00,0.00,0.52,0.00,0.00,0.00,0.00,0.50,0.50,1.00,0.00,0.00,0.00,0.00,0.00,0.00,0.00,0.00
2020-04-29 20:12:05.714176925 +0000 UTC m=+6.004592238,0,50565165056,29443395584,8.72,0.00,0.00,0.00,0.50,0.00,0.00,0.00,0.00,0.00,0.00,0.00,0.00,0.50,0.00,0.00,0.50,0.00,0.50,0.00,0.00,0.00,0.00,0.00,0.00
2020-04-29 20:12:05.719491597 +0000 UTC m=+6.025461975,0,50565165056,29443395584,8.72,0.00,0.00,0.00,0.50,0.00,0.00,0.00,0.00,0.00,0.00,0.00,0.00,0.50,0.00,0.00,0.50,0.00,0.50,0.00,0.00,0.00,0.00,0.00,0.00
2020-04-29 20:12:07.714114323 +0000 UTC m=+8.004529656,0,50565165056,29442658304,8.72,0.00,0.00,0.00,0.00,0.00,0.00,0.00,0.52,0.00,0.00,0.00,0.00,0.00,0.50,0.00,0.50,0.00,0.50,0.00,0.50,0.00,0.00,0.00,0.00
2020-04-29 20:12:07.719462616 +0000 UTC m=+8.025433014,0,50565165056,29442658304,8.72,0.00,0.00,0.00,0.00,0.00,0.00,0.00,0.52,0.00,0.00,0.00,0.00,0.00,0.50,0.00,0.50,0.00,0.50,0.00,0.50,0.00,0.00,0.00,0.00
2020-04-29 20:12:09.715145742 +0000 UTC m=+10.005561065,0,50565165056,29442486272,8.72,0.00,0.50,0.00,0.00,0.00,0.00,0.00,0.00,0.00,0.00,0.00,0.00,0.50,0.00,0.00,1.00,0.00,0.50,0.00,0.00,0.00,0.00,0.00,0.00
2020-04-29 20:12:09.723799921 +0000 UTC m=+10.029770329,0,50565165056,29442486272,8.72,0.00,0.50,0.00,0.00,0.00,0.00,0.00,0.00,0.00,0.00,0.00,0.00,0.50,0.00,0.00,1.00,0.00,0.50,0.00,0.00,0.00,0.00,0.00,0.00
2020-04-29 20:12:11.713816634 +0000 UTC m=+12.004231967,0,50565165056,29442228224,8.72,0.00,0.00,0.00,0.00,0.00,0.00,0.00,0.00,0.52,0.00,0.00,0.00,0.00,0.00,0.00,1.00,0.00,0.00,0.00,0.00,0.00,0.00,0.00,0.00
2020-04-29 20:12:11.721716836 +0000 UTC m=+12.027687154,0,50565165056,29442228224,8.72,0.50,0.00,0.00,0.00,0.00,0.00,0.00,0.00,0.52,0.00,0.00,0.00,0.00,0.00,0.00,1.00,0.00,0.00,0.00,0.00,0.00,0.00,0.00,0.00
2020-04-29 20:12:13.701304659 +0000 UTC m=+14.007275007,0,50565165056,29435899904,8.73,1.98,1.01,9.14,1.51,0.51,0.00,0.51,0.52,1.01,0.00,0.00,0.51,1.01,0.00,1.02,0.51,0.51,1.01,0.00,0.00,0.00,0.00,0.00,0.00
2020-04-29 20:12:13.713489445 +0000 UTC m=+14.003904748,0,50565165056,29435899904,8.73,2.45,1.00,9.00,1.49,0.50,0.00,0.50,0.51,1.00,0.00,0.00,0.50,1.50,0.00,1.01,0.50,0.51,1.01,0.00,0.00,0.00,0.00,0.00,0.00
2020-04-29 20:53:46.824234234 +0000 UTC m=+0.004166794,0,50565165056,28957585408,8.77,0.00,0.00,0.00,0.00,0.00,0.00,0.00,0.00,0.00,0.00,0.00,0.00,0.00,0.00,0.00,0.00,0.00,0.00,0.00,0.00,0.00,0.00,0.00,0.00
2020-04-29 20:53:46.827893796 +0000 UTC m=+0.021832035,0,50565165056,28958883840,8.77,0.00,0.00,0.00,0.00,0.00,0.00,0.00,33.33,0.00,0.00,0.00,0.00,0.00,0.00,0.00,0.00,0.00,0.00,0.00,50.00,0.00,0.00,0.00,0.00
2020-04-29 20:53:48.830808889 +0000 UTC m=+2.024747178,0,50565165056,28957278208,8.77,0.00,0.00,0.00,1.00,0.50,0.00,0.00,0.00,0.50,0.50,0.52,0.00,0.00,1.00,0.00,0.50,0.00,0.50,0.00,0.00,0.00,0.50,0.50,0.50
2020-04-29 20:53:48.844335118 +0000 UTC m=+2.024267698,0,50565165056,28957278208,8.77,0.00,0.00,0.00,0.99,0.50,0.00,0.00,0.00,0.49,0.49,0.52,0.00,0.00,0.99,0.00,0.50,0.00,0.49,0.00,0.00,0.00,0.50,0.50,0.50
2020-04-29 20:53:50.847259897 +0000 UTC m=+4.027192487,0,50565165056,28955856896,8.77,0.50,0.50,0.00,0.00,0.00,0.00,0.00,0.00,0.00,0.00,0.00,0.50,0.50,0.50,0.00,0.00,0.00,0.00,0.00,0.00,0.00,0.51,0.00,0.00
2020-04-29 20:53:50.85178586 +0000 UTC m=+4.045724109,0,50565165056,28955856896,8.77,0.50,0.49,0.00,0.00,0.00,0.00,0.00,0.00,0.00,0.00,0.00,0.49,0.50,0.50,0.00,0.00,0.00,0.00,0.00,0.00,0.00,0.51,0.00,0.00
2020-04-29 20:53:52.854357297 +0000 UTC m=+6.048295546,0,50565165056,28956168192,8.77,0.00,0.00,0.00,0.00,0.50,0.00,0.00,0.50,0.00,0.00,1.03,0.00,0.50,0.00,0.00,0.00,0.00,0.00,0.00,0.50,0.00,0.00,0.00,0.00
2020-04-29 20:53:52.867935346 +0000 UTC m=+6.047867926,0,50565165056,28956168192,8.77,0.00,0.00,0.00,0.00,0.50,0.00,0.00,0.49,0.00,0.00,1.02,0.00,0.50,0.00,0.00,0.00,0.00,0.00,0.00,0.49,0.00,0.00,0.00,0.00
2020-04-29 20:53:54.870937109 +0000 UTC m=+8.050869679,0,50565165056,28955652096,8.77,0.00,0.00,0.00,0.00,0.00,0.00,0.00,0.00,0.00,0.00,1.04,0.00,0.00,1.00,0.00,0.00,0.00,0.00,0.50,0.00,0.00,0.00,0.00,0.00
2020-04-29 20:53:54.875630083 +0000 UTC m=+8.069568352,0,50565165056,28955652096,8.77,0.00,0.00,0.00,0.00,0.00,0.00,0.00,0.00,0.00,0.00,1.03,0.00,0.00,1.00,0.00,0.00,0.00,0.00,0.49,0.00,0.00,0.00,0.00,0.00
2020-04-29 20:53:56.879385563 +0000 UTC m=+10.073323872,0,50565165056,28954877952,8.78,0.00,0.00,0.00,0.00,0.00,0.00,0.00,0.00,0.00,0.00,0.00,0.00,0.50,0.00,0.00,0.00,0.00,0.00,0.00,0.00,0.00,0.00,0.00,0.00
2020-04-29 20:53:56.892668482 +0000 UTC m=+10.072601052,0,50565165056,28954877952,8.78,0.00,0.00,0.00,0.00,0.00,0.00,0.00,0.00,0.00,0.00,0.00,0.00,0.50,0.00,0.00,0.00,0.00,0.00,0.00,0.00,0.00,0.00,0.00,0.00
2020-04-29 20:53:58.895309249 +0000 UTC m=+12.075241869,0,50565165056,28955439104,8.77,0.00,0.00,0.00,0.00,0.00,0.50,0.00,0.00,0.00,0.00,1.03,0.00,0.50,0.50,0.00,1.49,0.00,0.00,0.00,0.00,0.00,0.00,0.50,0.00
2020-04-29 20:53:58.899536222 +0000 UTC m=+12.093474471,0,50565165056,28955439104,8.77,0.00,0.00,0.00,0.00,0.00,0.50,0.00,0.00,0.00,0.00,1.02,0.00,0.50,0.50,0.00,1.48,0.00,0.00,0.00,0.00,0.00,0.00,0.49,0.00
2020-04-29 20:54:00.902161775 +0000 UTC m=+14.096100024,0,50565165056,28955181056,8.77,0.00,0.00,0.00,0.00,0.00,0.00,0.00,0.00,0.00,0.00,0.51,0.00,0.00,0.50,0.00,0.00,0.50,0.00,0.00,0.00,0.00,0.00,0.00,0.00
2020-04-29 20:54:00.915868134 +0000 UTC m=+14.095800744,0,50565165056,28955181056,8.77,0.00,0.00,0.00,0.00,0.00,0.00,0.00,0.00,0.00,0.00,0.51,0.00,0.00,0.50,0.00,0.00,0.49,0.00,0.00,0.00,0.00,0.00,0.00,0.00
2020-04-29 20:54:02.918612384 +0000 UTC m=+16.098544984,0,50565165056,28955406336,8.77,0.00,0.00,0.00,0.00,0.00,1.49,0.00,0.00,0.00,0.00,1.04,0.00,1.00,0.50,0.50,0.00,0.00,0.00,0.00,0.00,0.00,0.00,0.00,0.00
2020-04-29 20:54:02.923340347 +0000 UTC m=+16.117278616,0,50565165056,28955406336,8.77,0.00,0.00,0.00,0.00,0.00,1.47,0.00,0.00,0.00,0.00,1.03,0.00,0.99,0.50,0.50,0.00,0.00,0.00,0.00,0.00,0.00,0.00,0.00,0.00
2020-04-29 20:54:04.925647824 +0000 UTC m=+18.119586073,0,50565165056,28955406336,8.77,0.00,0.00,0.00,0.00,0.00,0.00,0.50,0.00,0.50,0.00,0.00,0.00,0.50,1.49,0.00,0.00,0.00,0.00,0.00,0.00,0.50,0.50,0.00,0.00
2020-04-29 20:54:04.939565213 +0000 UTC m=+18.119497823,0,50565165056,28955406336,8.77,0.00,0.00,0.00,0.00,0.00,0.00,0.49,0.00,0.49,0.00,0.00,0.00,0.50,1.48,0.00,0.00,0.00,0.00,0.00,0.00,0.50,0.50,0.00,0.00
2020-04-29 20:54:06.928295516 +0000 UTC m=+20.122233775,0,50565165056,28949487616,8.79,1.97,0.00,0.00,0.50,1.00,1.00,0.50,0.00,0.00,0.50,0.52,0.50,0.50,0.50,0.00,1.00,0.50,0.50,0.99,0.00,9.05,0.00,0.50,0.50
2020-04-29 20:54:06.942468836 +0000 UTC m=+20.122401436,0,50565165056,28949487616,8.79,1.97,0.00,0.00,0.50,1.00,1.00,0.50,0.00,0.00,0.50,0.52,0.50,0.50,0.50,0.00,1.00,0.50,0.50,1.00,0.00,9.00,0.00,0.50,0.50
2020-04-29 20:54:08.945303275 +0000 UTC m=+22.125235865,0,50565165056,28950732800,8.78,0.00,0.00,0.50,0.00,0.00,0.50,0.00,0.00,0.00,0.00,0.00,0.51,0.00,0.00,0.00,0.50,0.00,0.00,0.00,0.00,0.00,0.00,0.51,0.00
2020-04-29 20:54:08.947358286 +0000 UTC m=+22.141296545,0,50565165056,28950679552,8.78,0.00,0.00,0.50,0.00,0.00,0.50,0.00,0.00,0.00,0.00,0.00,0.50,0.00,0.00,0.00,0.50,0.00,0.00,0.00,0.00,0.00,0.00,0.51,0.00
2020-04-29 20:54:10.950158011 +0000 UTC m=+24.144096240,0,50565165056,28951007232,8.78,0.00,0.00,0.00,0.00,0.00,1.00,0.00,0.00,0.00,0.00,0.00,0.00,0.00,0.50,0.00,0.00,0.00,0.00,0.00,0.00,0.00,0.00,0.52,0.00
2020-04-29 20:54:10.967955844 +0000 UTC m=+24.147888424,0,50565165056,28951007232,8.78,0.00,0.00,0.00,0.00,0.00,0.99,0.00,0.00,0.00,0.00,0.00,0.00,0.00,0.50,0.00,0.00,0.00,0.00,0.00,0.00,0.00,0.00,0.51,0.00
2020-04-29 20:54:12.970670396 +0000 UTC m=+26.150602976,0,50565165056,28952072192,8.78,0.00,0.00,0.00,0.00,0.00,0.00,0.00,0.50,0.00,0.00,0.00,0.00,0.50,0.00,0.00,0.00,0.00,0.00,0.00,0.00,0.00,0.00,0.00,0.00
2020-04-29 20:54:12.971390336 +0000 UTC m=+26.165328615,0,50565165056,28952072192,8.78,0.00,0.00,0.00,0.00,0.00,0.00,0.00,0.49,0.00,0.00,0.00,0.00,0.50,0.00,0.00,0.00,0.00,0.00,0.00,0.00,0.00,0.00,0.00,0.00
2020-04-29 20:54:14.973598313 +0000 UTC m=+28.167536552,0,50565165056,28952588288,8.78,0.00,0.00,0.00,0.00,0.00,0.00,0.00,0.00,0.00,0.00,0.00,0.00,0.00,0.00,1.00,0.00,0.00,0.00,0.50,0.00,0.00,0.00,0.00,0.00
2020-04-29 20:54:14.991722956 +0000 UTC m=+28.171655566,0,50565165056,28952588288,8.78,0.00,0.00,0.00,0.00,0.00,0.00,0.00,0.00,0.00,0.00,0.00,0.00,0.00,0.50,0.99,0.00,0.00,0.00,0.49,0.00,0.00,0.00,0.00,0.00
2020-04-29 20:54:16.99423257 +0000 UTC m=+30.174165170,0,50565165056,28953104384,8.78,0.50,0.00,0.00,0.00,0.00,0.00,0.00,0.50,0.00,0.51,0.00,1.02,0.00,0.00,0.50,0.00,0.00,0.00,0.00,0.00,0.00,0.00,0.00,0.00
2020-04-29 20:54:16.995397741 +0000 UTC m=+30.189336010,0,50565165056,28952846336,8.78,0.49,0.00,0.00,0.00,0.00,0.00,0.00,0.49,0.00,0.50,0.00,1.01,0.00,0.50,0.50,0.00,0.00,0.00,0.00,0.00,0.00,0.00,0.00,0.00
2020-04-29 20:54:18.99760505 +0000 UTC m=+32.191543319,0,50565165056,28953362432,8.78,0.00,0.00,0.00,0.00,0.00,1.01,0.00,0.00,0.00,0.51,0.00,0.00,0.00,0.50,0.50,0.00,0.00,0.00,0.00,0.00,0.00,0.00,0.00,0.00
2020-04-29 20:54:19.015740453 +0000 UTC m=+32.195673073,0,50565165056,28953362432,8.78,0.00,0.00,0.00,0.00,0.00,1.00,0.00,0.00,0.00,0.50,0.00,0.00,0.00,0.49,0.50,0.00,0.00,0.00,0.00,0.00,0.00,0.00,0.00,0.00
2020-04-29 20:54:21.018288799 +0000 UTC m=+34.198221379,0,50565165056,28953362432,8.78,0.50,0.00,0.00,0.00,0.00,0.00,0.00,0.00,0.00,0.52,0.00,0.00,0.00,0.00,0.00,0.00,0.00,0.00,0.00,0.00,0.00,0.00,0.00,0.50
2020-04-29 20:54:21.01926695 +0000 UTC m=+34.213205209,0,50565165056,28953362432,8.78,0.50,0.00,0.00,0.00,0.00,0.00,0.00,0.00,0.00,0.51,0.00,0.00,0.00,0.00,0.00,0.00,0.00,0.00,0.00,0.00,0.00,0.00,0.00,0.49
2020-04-29 20:54:23.021654531 +0000 UTC m=+36.215592770,0,50565165056,28953620480,8.78,0.00,0.00,0.50,0.00,0.00,0.50,0.00,0.00,0.00,0.51,0.50,0.00,0.00,0.50,0.50,0.50,0.50,0.00,0.50,0.50,0.00,0.51,0.50,0.00
2020-04-29 20:54:23.039567155 +0000 UTC m=+36.219499765,0,50565165056,28953620480,8.78,0.00,0.00,0.50,0.00,0.00,0.50,0.00,0.00,0.00,0.51,0.49,0.00,0.00,0.49,0.50,0.50,0.49,0.00,0.49,0.49,0.00,0.50,0.49,0.00
2020-04-29 20:54:25.042705682 +0000 UTC m=+38.222638262,0,50565165056,28953878528,8.78,0.00,0.50,0.00,0.00,0.00,0.00,0.00,0.00,0.00,0.00,0.00,0.00,1.00,0.50,0.00,0.00,0.00,0.50,0.00,0.00,0.00,0.00,0.00,0.50
2020-04-29 20:54:25.043978723 +0000 UTC m=+38.237916962,0,50565165056,28953878528,8.78,0.00,0.49,0.00,0.00,0.00,0.00,0.00,0.00,0.00,0.00,0.00,0.00,0.99,0.50,0.00,0.00,0.00,0.49,0.00,0.00,0.00,0.00,0.00,0.49
2020-04-29 20:54:27.046335696 +0000 UTC m=+40.240273945,0,50565165056,28953620480,8.78,0.00,0.00,0.00,0.00,0.00,0.00,0.00,0.00,0.00,0.00,0.00,0.00,0.50,0.00,1.00,0.00,0.00,0.00,0.00,0.00,0.50,0.00,0.00,0.50
2020-04-29 20:54:27.06379453 +0000 UTC m=+40.243727150,0,50565165056,28953620480,8.78,0.00,0.00,0.00,0.00,0.00,0.00,0.00,0.00,0.00,0.00,0.00,0.00,0.49,0.00,0.99,0.00,0.00,0.00,0.00,0.00,0.49,0.00,0.00,0.50
2020-04-29 20:54:29.066409469 +0000 UTC m=+42.246342069,0,50565165056,28954910720,8.78,1.00,0.00,0.00,0.00,0.00,1.00,0.00,0.00,0.50,0.00,0.00,0.00,0.50,0.50,0.00,0.50,0.00,0.00,0.00,0.00,0.00,0.00,0.00,0.00
2020-04-29 20:54:29.071338542 +0000 UTC m=+42.265276801,0,50565165056,28954910720,8.78,0.99,0.00,0.00,0.00,0.00,0.99,0.00,0.00,0.49,0.00,0.00,0.00,0.49,0.49,0.00,0.49,0.00,0.00,0.00,0.00,0.00,0.00,0.00,0.00
2020-04-29 20:54:31.073586176 +0000 UTC m=+44.267524435,0,50565165056,28955426816,8.77,0.50,0.00,0.00,0.00,0.00,0.00,0.00,0.50,0.00,0.00,0.00,0.00,0.00,0.00,0.00,0.00,0.00,0.50,0.00,0.00,0.00,0.00,0.00,0.00
2020-04-29 20:54:31.087576647 +0000 UTC m=+44.267509227,0,50565165056,28955426816,8.77,0.50,0.00,0.00,0.00,0.00,0.00,0.00,0.50,0.00,0.00,0.00,0.00,0.00,0.00,0.00,0.00,0.00,0.49,0.00,0.00,0.00,0.00,0.00,0.00
2020-04-29 20:54:33.090092287 +0000 UTC m=+46.270024917,0,50565165056,28955426816,8.77,1.00,0.00,0.00,0.00,0.00,0.00,0.00,0.00,0.00,0.00,0.00,0.00,0.00,0.50,0.00,0.50,0.00,0.00,0.00,0.00,0.00,0.00,0.52,0.50
2020-04-29 20:54:33.095322331 +0000 UTC m=+46.289260590,0,50565165056,28955426816,8.77,0.99,0.00,0.00,0.00,0.00,0.00,0.00,0.00,0.00,0.00,0.00,0.00,0.00,0.49,0.00,0.50,0.00,0.00,0.00,0.00,0.00,0.00,0.51,0.50
2020-04-29 20:54:35.097755996 +0000 UTC m=+48.291694235,0,50565165056,28955623424,8.77,1.00,0.00,0.99,0.50,0.00,0.00,0.00,3.59,0.00,0.50,0.50,2.49,0.00,0.00,1.98,0.00,0.00,0.00,0.50,0.00,0.50,0.50,0.00,0.00
2020-04-29 20:54:35.111890967 +0000 UTC m=+48.291823567,0,50565165056,28955623424,8.77,0.99,0.00,0.98,0.49,0.00,0.00,0.00,3.55,0.00,0.49,0.49,2.48,0.00,0.00,1.97,0.00,0.00,0.00,0.49,0.00,0.50,0.49,0.00,0.00
2020-04-29 20:54:37.100442517 +0000 UTC m=+50.294380786,0,50565165056,28951146496,8.78,0.50,9.90,1.98,1.49,1.01,0.50,0.00,0.00,0.51,0.00,0.00,0.00,1.49,1.99,0.50,1.00,0.50,0.00,0.00,0.00,0.00,0.00,0.00,0.00
2020-04-29 20:54:37.115051029 +0000 UTC m=+50.294983579,0,50565165056,28951146496,8.78,0.50,9.95,1.98,1.49,1.00,0.50,0.00,0.00,0.51,0.00,0.00,0.00,1.50,1.98,0.50,1.00,0.50,0.00,0.00,0.00,0.00,0.00,0.00,0.00
2020-04-29 20:54:39.118174175 +0000 UTC m=+52.298106775,0,50565165056,28952186880,8.78,0.00,0.00,0.00,0.00,0.50,0.50,0.00,0.00,0.51,0.00,0.00,0.00,0.00,0.50,0.00,0.00,0.00,0.00,0.00,0.00,0.00,0.00,0.00,0.00
2020-04-29 20:54:39.120011817 +0000 UTC m=+52.313950056,0,50565165056,28952186880,8.78,0.00,0.00,0.00,0.00,0.50,0.50,0.00,0.00,0.51,0.00,0.00,0.00,0.00,0.49,0.00,0.00,0.00,0.00,0.00,0.00,0.00,0.00,0.00,0.00
2020-04-29 20:54:41.122439598 +0000 UTC m=+54.316377847,0,50565165056,28952870912,8.78,0.50,0.00,0.00,0.00,0.00,0.00,0.00,0.51,0.51,0.00,0.00,0.00,0.00,0.50,0.00,0.50,0.00,0.00,0.00,0.00,0.00,0.00,0.00,0.00
2020-04-29 20:54:41.139611392 +0000 UTC m=+54.319544002,0,50565165056,28952870912,8.78,0.50,0.00,0.00,0.00,0.00,0.00,0.00,0.51,0.50,0.00,0.00,0.00,0.00,0.49,0.00,0.50,0.00,0.00,0.00,0.00,0.00,0.00,0.00,0.00
2020-04-29 20:54:43.142198958 +0000 UTC m=+56.322131548,0,50565165056,28953903104,8.78,0.50,0.00,0.00,0.00,0.00,0.00,0.50,0.00,0.52,0.00,0.00,0.00,0.00,0.00,0.00,0.00,0.00,0.00,0.00,0.00,0.00,0.00,0.00,0.00
2020-04-29 20:54:43.143342519 +0000 UTC m=+56.337280778,0,50565165056,28953903104,8.78,0.50,0.00,0.00,0.00,0.00,0.00,0.49,0.00,0.51,0.00,0.00,0.00,0.00,0.00,0.00,0.00,0.00,0.00,0.00,0.00,0.00,0.00,0.00,0.00
2020-04-29 20:54:45.145622901 +0000 UTC m=+58.339561150,0,50565165056,28954161152,8.78,1.00,0.00,0.00,0.00,0.00,0.00,0.00,0.00,0.00,0.00,0.00,0.00,0.00,0.00,1.98,1.00,0.00,0.50,0.50,0.00,0.00,0.00,0.50,0.00
2020-04-29 20:54:45.163707646 +0000 UTC m=+58.343640266,0,50565165056,28954161152,8.78,0.99,0.00,0.00,0.00,0.00,0.00,0.00,0.00,0.00,0.00,0.00,0.00,0.00,0.00,1.96,0.99,0.00,0.50,0.49,0.00,0.00,0.00,0.49,0.00
2020-04-29 20:54:47.166430333 +0000 UTC m=+60.346362933,0,50565165056,28954345472,8.78,1.00,0.50,0.00,0.00,0.00,0.50,0.00,0.00,0.00,0.00,0.00,0.00,0.00,0.00,0.00,0.00,0.00,0.00,0.00,0.00,0.00,0.00,0.00,0.00
2020-04-29 20:54:47.167273764 +0000 UTC m=+60.361212033,0,50565165056,28954345472,8.78,0.99,0.50,0.00,0.00,0.00,0.50,0.00,0.00,0.00,0.00,0.00,0.00,0.00,0.00,0.00,0.00,0.00,0.00,0.00,0.00,0.00,0.00,0.00,0.00
2020-04-29 20:54:49.169566696 +0000 UTC m=+62.363504935,0,50565165056,28954722304,8.78,0.50,0.00,0.00,1.00,0.00,0.50,0.00,0.50,1.03,0.00,0.50,0.00,0.00,0.00,0.50,0.00,0.00,0.00,0.00,0.00,0.00,0.00,0.00,0.00
2020-04-29 20:54:49.187616261 +0000 UTC m=+62.367548891,0,50565165056,28954722304,8.78,0.50,0.00,0.00,0.99,0.00,0.50,0.00,0.50,1.02,0.00,0.49,0.00,0.00,0.00,0.50,0.00,0.00,0.00,0.00,0.00,0.00,0.00,0.00,0.00
2020-04-29 20:54:51.191079479 +0000 UTC m=+64.371012019,0,50565165056,28954722304,8.78,0.50,0.00,0.00,0.00,0.00,0.00,0.00,0.00,0.00,0.00,0.00,0.00,0.00,0.00,0.50,0.00,0.00,0.00,0.50,0.00,0.00,0.00,0.00,0.50
2020-04-29 20:54:51.191331799 +0000 UTC m=+64.385270068,0,50565165056,28954722304,8.78,0.50,0.00,0.00,0.00,0.00,0.00,0.00,0.00,0.00,0.00,0.00,0.00,0.00,0.00,0.50,0.00,0.00,0.00,0.49,0.00,0.00,0.00,0.00,0.49
2020-04-29 20:54:53.211608386 +0000 UTC m=+66.405546655,0,50565165056,28954722304,8.78,0.50,0.00,0.00,0.00,0.00,0.50,0.00,0.51,0.00,0.00,0.00,0.00,0.00,0.00,0.00,0.00,0.50,0.00,0.00,0.00,0.00,0.00,0.00,0.00
2020-04-29 20:54:53.21552424 +0000 UTC m=+66.395456920,0,50565165056,28954722304,8.78,0.50,0.00,0.00,0.00,0.00,0.50,0.00,0.50,0.00,0.00,0.00,0.00,0.00,0.00,0.00,0.00,0.49,0.00,0.00,0.00,0.00,0.00,0.00,0.00
2020-04-29 20:54:55.217943457 +0000 UTC m=+68.397876047,0,50565165056,28955164672,8.77,1.00,0.50,0.00,0.50,0.00,0.00,0.00,0.00,0.00,0.00,0.00,0.00,0.00,0.00,1.00,0.00,0.00,0.00,0.00,0.00,0.00,0.00,0.00,0.00
2020-04-29 20:54:55.23255128 +0000 UTC m=+68.426489499,0,50565165056,28955164672,8.77,0.99,0.50,0.00,0.49,0.00,0.00,0.00,0.00,0.00,0.00,0.00,0.00,0.00,0.00,1.00,0.00,0.00,0.00,0.00,0.00,0.00,0.00,0.00,0.00
2020-04-29 20:54:57.235368132 +0000 UTC m=+70.429306371,0,50565165056,28955467776,8.77,0.50,0.00,0.00,0.00,0.00,0.00,0.00,1.02,0.00,0.00,0.00,0.50,0.00,0.00,0.00,1.00,0.00,0.00,0.50,0.00,0.50,0.00,0.50,0.50
2020-04-29 20:54:57.239460335 +0000 UTC m=+70.419392945,0,50565165056,28955467776,8.77,0.50,0.00,0.00,0.00,0.00,0.00,0.00,1.01,0.00,0.00,0.00,0.49,0.00,0.00,0.00,0.99,0.00,0.00,0.49,0.00,0.49,0.00,0.49,0.49
2020-04-29 20:54:59.241680551 +0000 UTC m=+72.421613121,0,50565165056,28955467776,8.77,0.00,0.50,0.00,0.00,1.00,0.00,0.00,0.51,0.00,0.00,0.00,0.00,0.50,0.00,0.50,0.00,0.00,0.00,0.00,0.00,0.00,0.00,0.00,0.00
2020-04-29 20:54:59.255771894 +0000 UTC m=+72.449710163,0,50565165056,28955467776,8.77,0.00,0.50,0.00,0.00,0.99,0.00,0.00,0.51,0.00,0.00,0.00,0.00,0.50,0.00,0.50,0.00,0.00,0.00,0.00,0.00,0.00,0.00,0.00,0.00
2020-04-29 20:55:01.258407425 +0000 UTC m=+74.452345674,0,50565165056,28955467776,8.77,0.00,0.00,0.00,0.00,0.00,0.00,0.00,0.51,0.51,0.00,0.00,0.00,0.00,0.00,0.00,0.50,0.00,0.00,0.00,0.99,0.00,0.00,0.00,0.00
2020-04-29 20:55:01.26346421 +0000 UTC m=+74.443396840,0,50565165056,28955467776,8.77,0.00,0.00,0.00,0.00,0.00,0.00,0.00,0.51,0.50,0.00,0.00,0.00,0.00,0.00,0.00,0.50,0.00,0.00,0.00,0.98,0.00,0.00,0.00,0.00
2020-04-29 20:55:03.265851175 +0000 UTC m=+76.445783765,0,50565165056,28955983872,8.77,0.00,0.50,0.99,0.00,0.00,0.00,0.00,0.51,0.51,0.00,0.00,0.00,0.00,0.00,0.00,0.50,0.00,0.00,0.00,0.00,0.00,0.50,0.00,0.00
2020-04-29 20:55:03.279803118 +0000 UTC m=+76.473741407,0,50565165056,28955983872,8.77,0.00,0.50,0.98,0.00,0.00,0.00,0.00,0.51,0.50,0.00,0.00,0.00,0.00,0.00,0.00,0.50,0.00,0.00,0.00,0.00,0.00,0.49,0.00,0.00
2020-04-29 20:55:05.282553409 +0000 UTC m=+78.476491668,0,50565165056,28955992064,8.77,0.00,0.00,0.00,0.00,0.00,0.00,0.00,0.00,0.52,0.00,0.00,0.00,0.00,0.00,1.00,0.00,0.00,0.50,0.50,0.00,0.00,0.00,0.00,0.00
2020-04-29 20:55:05.288013844 +0000 UTC m=+78.467946424,0,50565165056,28955992064,8.77,0.00,0.00,0.00,0.00,0.00,0.00,0.00,0.00,0.51,0.49,0.00,0.00,0.00,0.00,1.00,0.00,0.00,0.50,0.49,0.00,0.00,0.00,0.00,0.00
2020-04-29 20:55:07.285397244 +0000 UTC m=+80.479335503,0,50565165056,28956643328,8.77,1.00,1.49,0.51,9.50,1.50,0.50,0.50,0.00,0.52,0.50,0.00,0.00,1.00,1.50,1.00,0.50,0.00,0.00,0.00,0.50,0.00,0.00,0.00,0.50
2020-04-29 20:55:07.290368379 +0000 UTC m=+80.470300979,0,50565165056,28956643328,8.77,1.00,1.49,0.50,9.50,1.50,0.50,0.50,0.00,0.52,0.00,0.00,0.00,1.00,1.50,1.00,0.50,0.00,0.00,0.00,0.50,0.00,0.00,0.00,0.50
2020-04-29 20:55:09.292843048 +0000 UTC m=+82.472775628,0,50565165056,28957741056,8.77,1.49,1.50,1.00,1.00,1.00,1.00,1.00,1.01,1.02,1.00,2.53,1.00,1.50,1.00,1.00,1.00,1.01,1.00,1.00,1.01,1.00,1.00,1.00,1.00
2020-04-29 20:55:09.308497133 +0000 UTC m=+82.502435362,0,50565165056,28957741056,8.77,1.48,1.49,0.99,0.99,0.99,0.99,0.99,1.00,1.01,1.00,2.49,0.99,1.49,0.99,0.99,0.99,1.00,0.99,0.99,0.99,0.99,0.99,1.00,0.99
2020-04-29 20:55:11.311077737 +0000 UTC m=+84.505015976,0,50565165056,28957999104,8.77,0.00,0.00,0.50,0.50,0.00,0.00,0.00,0.00,0.00,0.00,0.50,0.50,0.50,0.00,0.00,0.00,0.50,0.00,0.00,0.50,0.00,0.00,0.00,0.00
2020-04-29 20:55:11.31520664 +0000 UTC m=+84.495139240,0,50565165056,28957999104,8.77,0.00,0.00,0.50,0.49,0.00,0.00,0.00,0.00,0.00,0.00,0.49,0.49,0.49,0.00,0.00,0.00,0.50,0.00,0.00,0.49,0.00,0.00,0.00,0.00
2020-04-29 20:55:13.317340728 +0000 UTC m=+86.497273308,0,50565165056,28958003200,8.77,0.00,0.00,1.00,0.00,0.00,0.00,0.00,0.00,0.00,0.00,0.50,0.00,0.00,0.00,0.00,0.00,0.50,0.00,0.00,0.00,0.00,0.00,1.03,0.50
2020-04-29 20:55:13.331466782 +0000 UTC m=+86.525405051,0,50565165056,28958003200,8.77,0.00,0.00,0.99,0.00,0.00,0.00,0.00,0.00,0.00,0.00,0.50,0.00,0.00,0.00,0.00,0.00,0.50,0.00,0.00,0.00,0.00,0.00,1.02,0.50
2020-04-29 20:55:15.333926394 +0000 UTC m=+88.527864653,0,50565165056,28958261248,8.77,0.00,0.50,0.00,0.00,0.00,0.50,0.00,0.50,0.00,0.00,0.00,0.00,0.50,0.00,0.50,0.00,0.00,0.50,0.00,0.00,0.00,0.00,0.52,0.00
2020-04-29 20:55:15.339269469 +0000 UTC m=+88.519202079,0,50565165056,28958261248,8.77,0.00,0.49,0.00,0.00,0.00,0.50,0.00,0.49,0.00,0.00,0.00,0.00,0.50,0.00,0.50,0.00,0.00,0.50,0.00,0.00,0.00,0.00,0.52,0.00
2020-04-29 20:55:17.341574206 +0000 UTC m=+90.521506796,0,50565165056,28958437376,8.77,0.00,0.00,0.50,0.50,0.00,0.00,0.00,0.00,0.00,0.00,0.00,0.00,0.00,0.00,0.00,0.00,0.00,1.00,0.00,0.00,0.00,0.00,0.52,0.00
2020-04-29 20:55:17.35560821 +0000 UTC m=+90.549546469,0,50565165056,28958437376,8.77,0.00,0.00,0.50,0.49,0.00,0.00,0.00,0.00,0.00,0.00,0.00,0.00,0.00,0.00,0.00,0.00,0.00,0.99,0.00,0.00,0.00,0.00,0.51,0.00
2020-04-29 20:55:19.358117871 +0000 UTC m=+92.552056150,0,50565165056,28958437376,8.77,0.00,0.00,0.00,0.00,0.50,0.00,0.00,0.00,0.00,0.00,0.50,0.00,1.01,0.00,0.50,0.50,0.00,0.00,0.00,0.00,0.00,0.00,0.52,0.00
2020-04-29 20:55:19.363894257 +0000 UTC m=+92.543826797,0,50565165056,28958437376,8.77,0.00,0.00,0.00,0.00,0.49,0.00,0.00,0.00,0.00,0.00,0.49,0.00,0.99,0.00,0.49,0.49,0.00,0.00,0.00,0.00,0.00,0.00,0.52,0.00
2020-04-29 20:55:21.366080701 +0000 UTC m=+94.546013291,0,50565165056,28958953472,8.77,0.00,0.00,0.50,0.00,0.00,0.00,0.00,0.00,0.00,0.00,0.00,0.00,0.00,0.00,0.00,0.00,0.00,0.50,0.00,0.00,0.00,0.00,0.00,0.00
2020-04-29 20:55:21.379602775 +0000 UTC m=+94.573541044,0,50565165056,28958953472,8.77,0.00,0.00,0.50,0.00,0.00,0.00,0.00,0.00,0.00,0.00,0.00,0.00,0.00,0.00,0.00,0.00,0.00,0.50,0.00,0.00,0.00,0.00,0.00,0.00
2020-04-29 20:55:23.382198084 +0000 UTC m=+96.576136353,0,50565165056,28958953472,8.77,0.00,0.00,0.00,0.00,0.50,0.00,0.00,0.00,0.00,0.00,0.00,0.00,0.00,0.00,0.00,0.00,0.00,0.00,0.00,0.00,0.00,0.00,0.00,0.00
2020-04-29 20:55:23.387390299 +0000 UTC m=+96.567322879,0,50565165056,28958953472,8.77,0.00,0.00,0.00,0.00,0.49,0.00,0.00,0.00,0.00,0.00,0.00,0.00,0.00,0.00,0.00,0.00,0.00,0.00,0.00,0.00,0.00,0.00,0.00,0.00
2020-04-29 20:55:25.389545913 +0000 UTC m=+98.569478493,0,50565165056,28958953472,8.77,0.50,0.50,0.00,0.50,0.00,0.00,0.00,0.00,0.00,0.00,0.00,0.00,0.00,0.00,0.50,0.00,0.00,0.50,0.00,0.00,0.50,0.00,0.52,0.00
2020-04-29 20:55:25.403781767 +0000 UTC m=+98.597720006,0,50565165056,28958953472,8.77,0.49,0.49,0.00,0.50,0.00,0.00,0.00,0.00,0.00,0.00,0.00,0.00,0.00,0.00,0.50,0.00,0.00,0.50,0.00,0.00,0.49,0.00,0.52,0.00
2020-04-29 20:55:27.407130914 +0000 UTC m=+100.601069113,0,50565165056,28958953472,8.77,0.00,0.00,0.00,0.50,0.00,0.50,0.50,0.00,0.00,0.00,0.00,0.00,0.50,0.00,0.00,0.00,0.00,0.00,0.00,0.00,0.50,0.00,0.52,0.50
2020-04-29 20:55:27.411313619 +0000 UTC m=+100.591246219,0,50565165056,28958953472,8.77,0.00,0.00,0.00,0.50,0.00,0.50,0.49,0.00,0.00,0.00,0.00,0.00,0.50,0.00,0.00,0.00,0.00,0.00,0.00,0.00,0.50,0.00,0.52,0.49
2020-04-29 20:55:29.41364996 +0000 UTC m=+102.593582550,0,50565165056,28958953472,8.77,0.00,0.00,0.00,0.50,0.00,0.50,0.00,0.00,0.00,0.00,0.50,0.50,1.00,0.00,0.50,1.00,0.00,0.00,0.00,0.00,0.00,0.00,0.00,0.00
2020-04-29 20:55:29.428195305 +0000 UTC m=+102.622133514,0,50565165056,28958953472,8.77,0.00,0.00,0.00,0.50,0.00,0.50,0.00,0.00,0.00,0.00,0.49,0.49,0.99,0.00,0.49,0.99,0.00,0.00,0.00,0.00,0.00,0.00,0.00,0.00
2020-04-29 20:55:31.43086001 +0000 UTC m=+104.624798269,0,50565165056,28958953472,8.77,0.00,0.00,0.00,0.00,0.00,0.50,0.00,0.00,0.00,0.00,0.00,0.00,0.00,0.50,0.00,0.00,0.00,0.00,0.00,0.00,0.00,0.00,0.52,0.00
2020-04-29 20:55:31.435380905 +0000 UTC m=+104.615313515,0,50565165056,28958953472,8.77,0.00,0.00,0.00,0.00,0.00,0.50,0.00,0.00,0.00,0.00,0.00,0.00,0.00,0.49,0.00,0.00,0.00,0.00,0.00,0.00,0.00,0.00,0.52,0.00
2020-04-29 20:55:33.438299444 +0000 UTC m=+106.618232004,0,50565165056,28959027200,8.77,0.00,0.00,0.00,0.00,0.50,0.50,0.00,0.00,0.00,0.00,0.50,0.00,1.00,0.00,0.00,0.00,0.00,0.50,0.00,0.00,0.50,0.00,1.03,0.00
2020-04-29 20:55:33.451652638 +0000 UTC m=+106.645590917,0,50565165056,28959027200,8.77,0.00,0.00,0.00,0.00,0.49,0.50,0.00,0.00,0.00,0.00,0.49,0.00,0.99,0.00,0.00,0.00,0.00,0.49,0.00,0.00,0.49,0.00,1.03,0.00
2020-04-29 20:55:35.45434381 +0000 UTC m=+108.648282059,0,50565165056,28959027200,8.77,0.00,0.00,0.00,1.00,0.50,0.00,0.00,0.00,0.00,0.00,0.50,0.00,0.00,0.00,0.50,0.00,0.00,0.00,0.00,0.00,0.00,0.00,1.04,0.00
2020-04-29 20:55:35.459535096 +0000 UTC m=+108.639467646,0,50565165056,28959027200,8.77,0.00,0.00,0.00,0.99,0.50,0.00,0.00,0.00,0.00,0.00,0.49,0.00,0.00,0.00,0.50,0.00,0.00,0.00,0.00,0.00,0.00,0.00,1.03,0.00
2020-04-29 20:55:37.457788087 +0000 UTC m=+110.651726426,0,50565165056,28953341952,8.78,1.49,0.00,0.50,0.50,0.50,0.50,0.50,0.00,0.00,1.00,0.00,0.00,0.50,0.50,10.50,0.50,0.50,1.00,0.00,0.00,0.00,1.00,0.52,0.00
2020-04-29 20:55:37.461883182 +0000 UTC m=+110.641815802,0,50565165056,28953341952,8.78,1.49,0.00,0.50,0.50,0.50,0.50,0.50,0.00,0.00,1.00,0.00,0.00,0.50,0.50,10.50,0.50,0.50,1.00,0.00,0.00,0.00,1.00,0.52,0.00
2020-04-29 20:55:39.464021031 +0000 UTC m=+112.643953611,0,50565165056,28954349568,8.78,0.50,0.00,0.00,0.00,0.00,0.00,0.00,0.00,0.00,0.00,0.50,0.00,0.50,0.00,0.00,0.00,1.00,0.00,0.00,0.00,0.00,0.00,1.04,0.00
2020-04-29 20:55:39.479598598 +0000 UTC m=+112.673536857,0,50565165056,28954349568,8.78,0.50,0.00,0.00,0.00,0.00,0.00,0.00,0.00,0.00,0.00,0.49,0.00,0.49,0.00,0.00,0.00,0.99,0.00,0.00,0.00,0.00,0.00,1.02,0.00
2020-04-29 20:55:41.482578202 +0000 UTC m=+114.676516481,0,50565165056,28955299840,8.77,0.00,0.00,0.00,0.00,0.00,0.00,0.00,0.50,0.00,0.50,0.50,0.00,0.00,1.00,0.00,1.00,0.00,0.00,0.00,0.00,0.00,0.00,0.00,0.00
2020-04-29 20:55:41.483184542 +0000 UTC m=+114.663117152,0,50565165056,28955299840,8.77,0.00,0.00,0.00,0.00,0.00,0.00,0.00,0.49,0.00,0.50,0.49,0.00,0.00,0.99,0.00,0.99,0.00,0.00,0.00,0.00,0.00,0.00,0.00,0.00
2020-04-29 20:55:43.485343819 +0000 UTC m=+116.665276389,0,50565165056,28955299840,8.77,0.00,0.00,0.00,0.50,0.00,0.00,0.00,0.00,0.00,0.00,0.50,0.00,0.00,0.00,0.00,0.50,0.00,0.00,0.00,0.00,0.00,0.00,1.04,0.00
2020-04-29 20:55:43.503725509 +0000 UTC m=+116.697663768,0,50565165056,28955299840,8.77,0.00,0.00,0.00,0.50,0.00,0.00,0.00,0.00,0.00,0.00,0.50,0.00,0.00,0.00,0.00,0.50,0.49,0.00,0.00,0.00,0.00,0.00,1.03,0.00
2020-04-29 20:55:45.506397299 +0000 UTC m=+118.700335548,0,50565165056,28955303936,8.77,1.00,0.00,0.00,0.50,0.00,0.00,0.00,0.00,0.50,0.50,0.00,0.00,0.00,0.00,0.00,0.50,0.00,0.00,0.00,0.00,0.00,0.00,0.00,0.00
2020-04-29 20:55:45.507544231 +0000 UTC m=+118.687476841,0,50565165056,28955303936,8.77,0.99,0.00,0.00,0.50,0.00,0.00,0.00,0.00,0.50,0.49,0.00,0.00,0.00,0.00,0.00,0.50,0.49,0.00,0.00,0.00,0.00,0.00,0.00,0.00
2020-04-29 20:55:47.510583425 +0000 UTC m=+120.690515995,0,50565165056,28955303936,8.77,0.00,0.00,1.00,0.50,0.50,0.00,0.00,0.00,0.00,0.00,0.51,0.00,0.50,0.00,0.00,0.00,0.00,0.00,0.50,0.00,0.00,0.00,1.02,0.00
2020-04-29 20:55:47.527734974 +0000 UTC m=+120.721673243,0,50565165056,28955303936,8.77,0.00,0.00,0.99,0.50,0.50,0.00,0.00,0.00,0.00,0.00,0.50,0.00,0.49,0.00,0.00,0.00,0.00,0.00,0.50,0.00,0.00,0.00,1.02,0.00
2020-04-29 20:55:49.531192532 +0000 UTC m=+122.725130801,0,50565165056,28955303936,8.77,0.00,0.50,1.00,0.00,0.00,0.00,0.00,0.00,0.00,0.00,1.02,0.00,0.00,0.50,0.00,0.00,0.00,0.00,0.50,0.00,0.00,0.00,0.00,0.00
2020-04-29 20:55:49.535652437 +0000 UTC m=+122.715584987,0,50565165056,28955303936,8.77,0.00,0.50,0.99,0.00,0.00,0.00,0.00,0.00,0.00,0.00,1.01,0.00,0.00,0.50,0.00,0.00,0.00,0.00,0.49,0.00,0.00,0.00,0.00,0.00
2020-04-29 20:55:51.538159378 +0000 UTC m=+124.718092008,0,50565165056,28955348992,8.77,0.00,0.00,0.00,0.00,0.00,0.00,0.00,0.00,0.00,0.00,0.52,0.00,0.00,0.50,0.00,0.00,0.00,0.00,0.00,0.00,0.00,0.00,0.00,0.50
2020-04-29 20:55:51.552748894 +0000 UTC m=+124.746687143,0,50565165056,28955348992,8.77,0.00,0.00,0.00,0.00,0.00,0.00,0.00,0.00,0.00,0.00,0.52,0.00,0.00,0.50,0.00,0.00,0.00,0.00,0.00,0.00,0.00,0.00,0.00,0.49
2020-04-29 20:55:53.556049739 +0000 UTC m=+126.749987948,0,50565165056,28955365376,8.77,0.00,0.00,0.00,0.00,0.00,0.00,0.00,0.00,0.00,0.00,0.00,0.00,0.00,0.50,0.00,0.50,0.00,0.00,0.00,0.00,0.00,0.00,0.00,0.00
2020-04-29 20:55:53.559499493 +0000 UTC m=+126.739432043,0,50565165056,28955365376,8.77,0.00,0.00,0.00,0.00,0.00,0.00,0.00,0.00,0.00,0.00,0.00,0.00,0.00,0.50,0.00,0.49,0.00,0.00,0.00,0.00,0.00,0.00,0.00,0.00
2020-04-29 20:55:55.56200781 +0000 UTC m=+128.741940380,0,50565165056,28955521024,8.77,1.00,0.50,0.00,0.50,0.50,0.00,0.00,0.00,0.00,0.00,0.52,0.00,0.00,0.00,0.00,0.00,0.00,0.00,0.00,0.00,0.00,0.00,0.50,0.00
2020-04-29 20:55:55.575938635 +0000 UTC m=+128.769876854,0,50565165056,28955521024,8.77,0.99,0.50,0.00,0.49,0.50,0.00,0.00,0.00,0.00,0.00,0.51,0.00,0.00,0.00,0.00,0.00,0.00,0.00,0.00,0.00,0.00,0.00,0.49,0.00
2020-04-29 20:55:57.578906666 +0000 UTC m=+130.772844875,0,50565165056,28955521024,8.77,0.00,0.00,0.00,0.00,0.50,0.00,0.00,0.00,0.00,0.00,0.52,0.00,0.00,0.00,0.50,0.00,0.00,0.00,0.00,0.00,0.00,0.00,0.00,0.00
2020-04-29 20:55:57.583207371 +0000 UTC m=+130.763139961,0,50565165056,28955521024,8.77,0.00,0.00,0.00,0.00,0.50,0.00,0.00,0.00,0.00,0.00,0.51,0.00,0.00,0.00,0.50,0.00,0.00,0.00,0.00,0.00,0.00,0.00,0.00,0.00
2020-04-29 20:55:59.585414695 +0000 UTC m=+132.765347265,0,50565165056,28955521024,8.77,0.00,1.00,0.00,0.50,0.50,0.00,0.00,0.00,0.00,0.00,0.00,0.50,0.00,0.00,0.00,0.00,0.00,0.00,0.00,0.00,0.00,0.00,0.50,0.00
2020-04-29 20:55:59.599886731 +0000 UTC m=+132.793825000,0,50565165056,28955521024,8.77,0.00,0.99,0.00,0.49,0.50,0.00,0.00,0.00,0.00,0.00,0.00,0.49,0.00,0.00,0.00,0.00,0.00,0.00,0.00,0.00,0.00,0.00,0.49,0.00
2020-04-29 20:56:01.602482897 +0000 UTC m=+134.796421136,0,50565165056,28955521024,8.77,0.00,0.00,0.00,0.00,0.50,0.50,0.00,0.00,0.00,0.00,1.54,0.00,0.50,0.50,1.00,0.00,0.00,0.00,0.00,0.00,0.00,0.50,0.00,0.00
2020-04-29 20:56:01.607751424 +0000 UTC m=+134.787684034,0,50565165056,28955521024,8.77,0.00,0.00,0.00,0.00,0.50,0.49,0.00,0.00,0.00,0.00,1.52,0.00,0.49,0.50,0.99,0.00,0.00,0.00,0.00,0.00,0.00,0.50,0.00,0.00
2020-04-29 20:56:03.610105283 +0000 UTC m=+136.790037863,0,50565165056,28955521024,8.77,0.00,0.50,0.00,0.00,0.00,0.50,0.00,0.00,0.00,0.51,0.51,0.00,0.00,0.00,0.00,0.00,0.00,0.00,0.00,0.00,0.00,0.00,0.00,0.00
2020-04-29 20:56:03.623868948 +0000 UTC m=+136.817807217,0,50565165056,28955521024,8.77,0.00,0.50,0.00,0.00,0.00,0.49,0.00,0.00,0.00,0.50,0.51,0.00,0.00,0.00,0.00,0.00,0.00,0.00,0.00,0.00,0.00,0.00,0.00,0.00
2020-04-29 20:56:05.626488621 +0000 UTC m=+138.820426870,0,50565165056,28955521024,8.77,1.99,0.00,0.00,1.00,0.00,0.00,0.00,0.50,0.00,0.00,0.00,0.50,0.00,0.00,0.50,0.00,0.00,0.00,0.00,0.00,0.00,0.00,0.50,0.00
2020-04-29 20:56:05.631328297 +0000 UTC m=+138.811260897,0,50565165056,28955521024,8.77,1.97,0.00,0.00,0.99,0.00,0.00,0.00,0.49,0.00,0.00,0.00,0.49,0.00,0.00,0.49,0.00,0.00,0.00,0.00,0.00,0.00,0.00,0.49,0.00
2020-04-29 20:56:07.629601468 +0000 UTC m=+140.823539737,0,50565165056,28950077440,8.78,1.49,0.00,0.00,0.50,0.50,0.00,0.00,0.00,0.00,0.50,0.00,0.00,0.00,0.00,7.50,0.00,0.00,0.00,0.00,0.00,0.50,0.00,0.50,0.00
2020-04-29 20:56:07.634058943 +0000 UTC m=+140.813991543,0,50565165056,28950077440,8.78,1.49,0.00,0.00,0.50,0.50,0.00,0.00,0.00,0.00,0.50,0.00,0.50,0.00,0.00,8.00,0.00,0.00,0.00,0.00,0.00,0.50,0.00,0.50,0.00
2020-04-29 20:56:09.636353301 +0000 UTC m=+142.816285891,0,50565165056,28956913664,8.77,0.50,1.00,0.50,0.51,0.00,0.50,0.00,0.00,0.00,0.51,1.01,0.00,1.00,0.50,1.01,0.00,1.00,0.50,0.50,0.00,0.00,0.00,1.51,0.00
2020-04-29 20:56:09.651720429 +0000 UTC m=+142.845658698,0,50565165056,28956913664,8.77,0.50,1.00,0.49,0.50,0.00,0.50,0.00,0.00,0.00,0.51,1.00,0.50,0.99,0.50,1.49,0.00,0.98,0.50,0.49,0.00,0.00,0.00,1.49,0.00
2020-04-29 20:56:11.65440781 +0000 UTC m=+144.848346069,0,50565165056,28956917760,8.77,0.00,0.50,0.00,0.50,0.00,0.00,0.00,0.00,0.00,0.51,0.00,0.00,0.00,0.50,0.00,0.00,0.00,0.00,0.00,0.50,0.00,0.00,0.50,0.50
2020-04-29 20:56:11.655192741 +0000 UTC m=+144.835125311,0,50565165056,28956917760,8.77,0.00,0.50,0.00,0.50,0.00,0.00,0.00,0.00,0.00,0.51,0.00,0.00,0.00,0.50,0.00,0.00,0.00,0.00,0.00,0.49,0.00,0.00,0.50,0.50
2020-04-29 20:56:13.657377045 +0000 UTC m=+146.837309665,0,50565165056,28956917760,8.77,0.00,0.50,0.00,0.50,0.00,0.00,0.00,0.00,0.00,0.00,1.54,0.00,0.00,0.00,0.00,0.00,0.00,0.00,0.00,0.00,0.00,0.00,0.50,1.00
2020-04-29 20:56:13.675577496 +0000 UTC m=+146.869515765,0,50565165056,28956917760,8.77,0.00,0.50,0.00,0.50,0.00,0.00,0.00,0.00,0.00,0.00,1.52,0.00,0.00,0.00,0.00,0.00,0.00,0.00,0.00,0.00,0.00,0.00,0.49,0.99
2020-04-29 20:56:15.678336784 +0000 UTC m=+148.872275053,0,50565165056,28956917760,8.77,0.00,1.01,0.00,0.50,0.00,0.00,0.00,0.50,0.00,0.00,1.55,0.00,0.00,0.00,0.00,0.50,0.50,0.00,0.00,0.00,0.00,0.00,0.00,0.50
2020-04-29 20:56:15.679778135 +0000 UTC m=+148.859710675,0,50565165056,28956917760,8.77,0.00,1.00,0.00,0.50,0.00,0.00,0.00,0.49,0.00,0.00,1.53,0.00,0.00,0.00,0.00,0.49,0.49,0.00,0.00,0.00,0.00,0.00,0.00,0.50
2020-04-29 20:56:17.682433754 +0000 UTC m=+150.862366304,0,50565165056,28956917760,8.77,0.00,0.00,0.00,0.00,1.00,0.00,0.00,0.00,0.00,0.00,0.52,0.00,0.00,0.50,0.00,0.00,0.00,0.50,0.00,0.00,0.00,0.00,0.00,0.50
2020-04-29 20:56:17.699603715 +0000 UTC m=+150.893541974,0,50565165056,28956917760,8.77,0.00,0.00,0.00,0.00,0.99,0.00,0.00,0.00,0.00,0.00,0.51,0.00,0.00,0.50,0.00,0.00,0.00,0.49,0.00,0.00,0.00,0.00,0.00,0.50
2020-04-29 20:56:19.702322107 +0000 UTC m=+152.896260366,0,50565165056,28956979200,8.77,0.00,0.50,0.00,0.00,0.00,0.00,0.00,0.00,0.00,0.00,1.53,0.50,0.00,0.50,0.00,0.00,0.00,0.00,0.00,0.00,0.00,0.00,1.49,0.00
2020-04-29 20:56:19.707325673 +0000 UTC m=+152.887258253,0,50565165056,28956979200,8.77,0.00,0.50,0.00,0.00,0.00,0.00,0.00,0.00,0.00,0.00,1.52,0.49,0.00,0.50,0.00,0.00,0.00,0.00,0.00,0.00,0.00,0.00,1.47,0.00
2020-04-29 20:56:21.709464807 +0000 UTC m=+154.889397377,0,50565165056,28956979200,8.77,0.00,0.00,0.00,0.00,0.00,0.00,0.00,0.00,0.00,0.00,0.52,0.00,0.00,1.00,0.00,0.00,0.00,0.00,0.00,0.00,0.00,0.00,0.50,0.00
2020-04-29 20:56:21.724265105 +0000 UTC m=+154.918203354,0,50565165056,28956979200,8.77,0.00,0.00,0.00,0.00,0.00,0.00,0.00,0.00,0.00,0.00,0.51,0.00,0.00,0.99,0.00,0.00,0.00,0.00,0.00,0.00,0.00,0.00,0.49,0.00
2020-04-29 20:56:23.726968743 +0000 UTC m=+156.920906982,0,50565165056,28956987392,8.77,0.00,0.50,0.50,0.00,0.00,0.00,0.00,0.00,0.50,0.00,1.04,0.00,0.00,0.50,0.00,0.00,0.00,0.50,0.50,0.50,0.50,0.00,0.50,0.00
2020-04-29 20:56:23.731377058 +0000 UTC m=+156.911309648,0,50565165056,28956987392,8.77,0.00,0.50,0.49,0.00,0.00,0.00,0.00,0.00,0.49,0.00,1.03,0.00,0.00,0.50,0.00,0.00,0.00,0.49,0.49,0.49,0.50,0.00,0.49,0.00
2020-04-29 20:56:25.733639558 +0000 UTC m=+158.913572138,0,50565165056,28956987392,8.77,0.00,1.00,0.00,0.00,0.00,0.00,0.00,0.00,0.00,0.00,0.51,0.51,0.00,0.50,0.00,0.00,0.00,0.50,0.00,0.00,0.00,0.00,0.50,0.00
2020-04-29 20:56:25.747649875 +0000 UTC m=+158.941588124,0,50565165056,28956987392,8.77,0.00,1.00,0.00,0.00,0.00,0.00,0.00,0.00,0.00,0.00,0.51,0.50,0.00,0.50,0.00,0.00,0.00,0.50,0.00,0.00,0.00,0.00,0.49,0.00
2020-04-29 20:56:27.750317967 +0000 UTC m=+160.944256226,0,50565165056,28956991488,8.77,0.00,0.00,0.00,0.50,0.00,0.00,0.00,0.00,0.00,0.00,0.00,0.51,0.00,0.00,0.00,0.00,0.00,0.00,0.00,0.00,0.00,0.00,0.00,0.00
2020-04-29 20:56:27.755213964 +0000 UTC m=+160.935146554,0,50565165056,28956991488,8.77,0.00,0.00,0.00,0.49,0.00,0.00,0.00,0.00,0.00,0.00,0.00,0.51,0.00,0.00,0.00,0.00,0.00,0.00,0.00,0.00,0.00,0.00,0.00,0.00
2020-04-29 20:56:29.757554857 +0000 UTC m=+162.937487457,0,50565165056,28957016064,8.77,0.00,0.50,0.00,0.00,0.00,0.00,0.00,0.50,0.00,0.00,0.00,0.52,0.50,0.00,0.50,0.00,0.00,0.00,0.00,0.00,0.00,0.00,1.00,0.00
2020-04-29 20:56:29.771489685 +0000 UTC m=+162.965427954,0,50565165056,28957016064,8.77,0.00,0.50,0.00,0.00,0.00,0.00,0.00,0.50,0.00,0.00,0.00,0.51,0.49,0.00,0.50,0.00,0.00,0.00,0.00,0.00,0.00,0.00,0.99,0.00
2020-04-29 20:56:31.773982511 +0000 UTC m=+164.967920770,0,50565165056,28957016064,8.77,0.00,0.00,0.00,0.00,0.00,0.00,0.00,0.00,0.00,0.00,0.00,0.51,0.00,0.00,0.00,0.00,0.00,0.00,0.00,0.00,0.00,0.51,0.00,0.50
2020-04-29 20:56:31.779811459 +0000 UTC m=+164.959744049,0,50565165056,28957016064,8.77,0.00,0.00,0.00,0.00,0.00,0.00,0.00,0.00,0.00,0.00,0.00,0.50,0.00,0.00,0.00,0.00,0.00,0.00,0.00,0.00,0.00,0.51,0.00,0.49
2020-04-29 20:56:33.782176678 +0000 UTC m=+166.962109258,0,50565165056,28957016064,8.77,0.00,1.49,0.00,0.00,0.00,0.99,1.00,0.50,0.00,0.50,0.00,0.51,0.00,0.50,1.00,0.00,0.50,0.00,0.00,0.00,0.50,0.51,0.00,0.00
2020-04-29 20:56:33.796545985 +0000 UTC m=+166.990484184,0,50565165056,28957016064,8.77,0.00,1.48,0.00,0.00,0.00,0.98,1.00,0.49,0.00,0.49,0.00,0.50,0.00,0.49,0.99,0.00,0.49,0.00,0.00,0.00,0.50,0.50,0.00,0.00
2020-04-29 20:56:35.799328887 +0000 UTC m=+168.993267126,0,50565165056,28957016064,8.77,0.00,1.01,0.50,0.00,0.00,0.00,0.00,0.00,0.00,0.00,0.50,0.00,0.50,0.00,0.50,0.00,0.00,0.00,0.00,0.00,0.50,0.00,0.00,0.00
2020-04-29 20:56:35.803770983 +0000 UTC m=+168.983703533,0,50565165056,28957016064,8.77,0.00,0.99,0.49,0.00,0.00,0.00,0.00,0.00,0.00,0.00,0.49,0.00,0.50,0.00,0.50,0.00,0.00,0.00,0.00,0.00,0.50,0.00,0.00,0.00
2020-04-29 20:56:37.802060531 +0000 UTC m=+170.995998770,0,50565165056,28950417408,8.78,0.00,0.50,0.00,0.00,0.00,0.00,0.52,1.00,0.00,0.00,0.50,3.48,0.50,0.00,0.50,0.00,0.50,0.00,0.00,0.50,0.00,0.50,0.00,0.50
2020-04-29 20:56:37.806197726 +0000 UTC m=+170.986130296,0,50565165056,28950417408,8.78,0.50,0.50,0.00,0.00,0.00,0.00,0.52,1.00,0.00,0.00,0.50,3.48,0.50,0.00,0.50,0.00,0.50,0.00,0.00,0.50,0.00,0.50,0.00,0.50
2020-04-29 20:56:39.808583031 +0000 UTC m=+172.988515631,0,50565165056,28953718784,8.78,0.50,0.00,1.00,0.00,0.00,0.00,1.52,0.00,0.00,0.00,0.50,6.00,1.49,0.00,0.00,0.00,0.00,0.50,0.50,0.00,1.02,1.00,0.00,0.00
2020-04-29 20:56:39.82389079 +0000 UTC m=+173.017829039,0,50565165056,28953718784,8.78,0.99,0.00,0.99,0.00,0.00,0.00,1.50,0.00,0.00,0.00,0.50,5.97,1.48,0.00,0.00,0.00,0.00,0.50,0.49,0.00,1.01,0.99,0.00,0.00
2020-04-29 20:56:41.826613969 +0000 UTC m=+175.020552208,0,50565165056,28954001408,8.78,0.00,0.00,0.00,0.00,0.00,0.00,0.52,0.00,0.00,0.00,0.00,0.00,0.00,0.00,0.00,0.00,0.00,0.00,0.00,0.00,0.00,0.00,0.00,0.00
2020-04-29 20:56:41.831260614 +0000 UTC m=+175.011193214,0,50565165056,28954001408,8.78,0.00,0.00,0.00,0.00,0.00,0.00,0.52,0.00,0.00,0.00,0.00,0.00,0.00,0.00,0.00,0.00,0.00,0.00,0.00,0.00,0.00,0.00,0.00,0.00
2020-04-29 20:56:43.833834624 +0000 UTC m=+177.013767184,0,50565165056,28954001408,8.78,0.00,0.00,0.00,0.00,0.00,0.00,1.55,0.00,0.00,0.00,0.00,0.00,0.00,0.00,0.50,0.00,0.00,0.00,0.00,0.50,0.00,0.00,0.00,0.00
2020-04-29 20:56:43.847684162 +0000 UTC m=+177.041622431,0,50565165056,28954001408,8.78,0.00,0.00,0.00,0.00,0.00,0.00,1.53,0.00,0.00,0.00,0.00,0.00,0.00,0.00,0.50,0.00,0.00,0.00,0.00,0.49,0.00,0.00,0.00,0.00
2020-04-29 20:56:45.850771695 +0000 UTC m=+179.044709944,0,50565165056,28954001408,8.78,0.00,0.00,0.50,0.50,0.00,0.00,0.52,0.00,0.00,0.00,0.00,0.00,0.00,0.00,1.00,0.50,0.00,0.00,0.00,0.00,0.00,0.00,0.00,0.00
2020-04-29 20:56:45.855793611 +0000 UTC m=+179.035726151,0,50565165056,28954001408,8.78,0.00,0.00,0.50,0.49,0.00,0.00,0.52,0.00,0.00,0.00,0.00,0.00,0.00,0.00,0.99,0.49,0.00,0.00,0.00,0.00,0.00,0.00,0.00,0.00
2020-04-29 20:56:47.858047684 +0000 UTC m=+181.037980274,0,50565165056,28954001408,8.78,0.00,0.50,0.50,0.00,0.00,0.00,0.52,0.00,0.00,0.00,0.00,0.00,0.50,0.00,0.00,0.00,0.00,0.00,0.00,0.00,0.00,0.00,0.00,0.00
2020-04-29 20:56:47.872472392 +0000 UTC m=+181.066410661,0,50565165056,28954001408,8.78,0.00,0.50,0.49,0.00,0.00,0.00,0.52,0.00,0.00,0.00,0.00,0.00,0.50,0.00,0.00,0.00,0.00,0.00,0.00,0.00,0.00,0.00,0.00,0.00
2020-04-29 20:56:49.875283069 +0000 UTC m=+183.069221318,0,50565165056,28954030080,8.78,0.50,1.00,0.00,0.50,0.00,0.50,0.52,0.00,0.00,0.00,0.00,0.00,0.00,0.50,0.00,0.50,0.50,0.00,0.00,0.00,0.00,0.00,0.00,0.00
2020-04-29 20:56:49.879337324 +0000 UTC m=+183.059269924,0,50565165056,28954030080,8.78,0.49,0.99,0.00,0.49,0.00,0.49,0.52,0.00,0.00,0.00,0.00,0.00,0.00,0.50,0.00,0.50,0.50,0.00,0.00,0.00,0.00,0.00,0.00,0.00
2020-04-29 20:56:51.881489011 +0000 UTC m=+185.061421601,0,50565165056,28954030080,8.78,0.00,0.00,0.00,0.00,0.00,0.00,0.51,0.00,0.00,0.00,0.00,0.00,0.00,0.00,0.50,0.00,0.00,0.00,0.00,0.50,0.00,0.00,0.00,0.00
2020-04-29 20:56:51.89591165 +0000 UTC m=+185.089849919,0,50565165056,28954030080,8.78,0.00,0.00,0.00,0.00,0.00,0.00,0.51,0.00,0.00,0.00,0.00,0.00,0.00,0.00,0.50,0.00,0.00,0.00,0.00,0.49,0.00,0.00,0.00,0.00
2020-04-29 20:56:53.89877431 +0000 UTC m=+187.092712539,0,50565165056,28954030080,8.78,0.00,0.00,0.00,0.00,0.00,0.00,0.52,0.00,0.00,0.00,0.00,0.00,0.00,0.00,0.50,0.00,0.00,0.50,0.00,0.50,0.00,0.50,0.00,0.00
2020-04-29 20:56:53.903393295 +0000 UTC m=+187.083325895,0,50565165056,28954030080,8.78,0.00,0.00,0.00,0.00,0.00,0.00,0.52,0.00,0.00,0.00,0.00,0.00,0.00,0.00,0.50,0.00,0.00,0.49,0.00,0.49,0.00,0.49,0.00,0.00
2020-04-29 20:56:55.905638826 +0000 UTC m=+189.085571406,0,50565165056,28954030080,8.78,0.00,0.00,1.00,0.00,0.00,0.00,0.00,0.00,0.00,0.00,0.00,0.00,0.00,0.50,0.00,0.00,0.00,0.00,0.00,0.00,0.52,0.00,0.00,0.50
2020-04-29 20:56:55.919862345 +0000 UTC m=+189.113800594,0,50565165056,28954030080,8.78,0.00,0.00,1.00,0.00,0.00,0.00,0.00,0.00,0.00,0.00,0.00,0.00,0.00,0.49,0.00,0.00,0.00,0.00,0.00,0.00,0.52,0.00,0.00,0.49
2020-04-29 20:56:57.922751178 +0000 UTC m=+191.116689427,0,50565165056,28954030080,8.78,0.00,0.00,0.00,0.00,0.00,0.00,0.00,0.00,0.00,0.00,0.50,0.00,0.00,0.00,0.00,0.00,0.00,0.00,0.00,0.00,0.00,0.00,0.00,0.00
2020-04-29 20:56:57.928001965 +0000 UTC m=+191.107934545,0,50565165056,28954030080,8.78,0.00,0.00,0.00,0.00,0.00,0.00,0.00,0.00,0.00,0.00,0.49,0.00,0.00,0.00,0.00,0.00,0.00,0.00,0.00,0.00,0.00,0.00,0.00,0.00
2020-04-29 20:56:59.930263189 +0000 UTC m=+193.110195769,0,50565165056,28954042368,8.78,0.00,0.50,0.50,0.00,0.50,0.00,0.00,0.00,0.00,0.00,0.00,0.00,0.00,0.50,0.50,0.50,0.50,0.00,0.00,0.00,0.00,0.00,0.00,0.00
2020-04-29 20:56:59.943573956 +0000 UTC m=+193.137512215,0,50565165056,28954042368,8.78,0.00,0.49,0.50,0.00,0.49,0.00,0.00,0.00,0.00,0.00,0.00,0.00,0.00,0.50,0.50,0.50,0.49,0.00,0.00,0.00,0.00,0.00,0.00,0.00
2020-04-29 20:57:01.946938273 +0000 UTC m=+195.140876532,0,50565165056,28954042368,8.78,0.00,0.00,0.00,0.50,0.00,0.00,0.00,0.00,0.00,0.00,0.00,0.00,0.00,0.00,0.50,0.00,0.00,0.00,0.50,0.00,1.03,0.00,0.00,0.00
2020-04-29 20:57:01.951305499 +0000 UTC m=+195.131238129,0,50565165056,28954042368,8.78,0.00,0.00,0.00,0.50,0.00,0.00,0.00,0.00,0.00,0.00,0.00,0.00,0.00,0.00,0.50,0.00,0.00,0.00,0.49,0.00,1.03,0.00,0.00,0.00
2020-04-29 20:57:03.953571756 +0000 UTC m=+197.133504346,0,50565165056,28954042368,8.78,0.00,0.00,0.00,0.00,0.00,0.00,0.00,0.00,0.00,0.00,0.00,0.00,0.50,0.00,0.50,0.00,0.00,0.00,0.00,0.00,1.03,0.00,0.00,0.00
2020-04-29 20:57:03.967857336 +0000 UTC m=+197.161795595,0,50565165056,28954042368,8.78,0.00,0.00,0.00,0.00,0.00,0.00,0.00,0.00,0.00,0.00,0.00,0.00,0.50,0.00,0.50,0.00,0.00,0.00,0.00,0.00,1.03,0.00,0.00,0.00
2020-04-29 20:57:05.970478185 +0000 UTC m=+199.164416464,0,50565165056,28954042368,8.78,0.00,0.00,0.00,0.00,0.00,0.00,1.03,0.00,0.00,0.00,0.00,0.00,0.50,0.00,0.00,0.00,0.00,0.00,0.00,0.00,0.00,0.00,0.00,0.00
2020-04-29 20:57:05.975384251 +0000 UTC m=+199.155316861,0,50565165056,28954042368,8.78,0.00,0.00,0.49,0.00,0.00,0.00,1.02,0.00,0.00,0.00,0.00,0.00,0.50,0.00,0.00,0.00,0.00,0.00,0.00,0.00,0.00,0.00,0.00,0.00
2020-04-29 20:57:07.987223495 +0000 UTC m=+201.167156115,0,50565165056,28953903104,8.78,0.00,0.00,0.50,0.00,0.00,0.50,1.03,0.50,0.00,0.00,0.00,0.00,0.00,0.50,0.50,0.00,0.00,0.00,0.00,0.00,0.00,0.00,0.00,0.00
2020-04-29 20:57:07.99133691 +0000 UTC m=+201.185275179,0,50565165056,28954042368,8.78,0.00,0.00,0.99,0.00,0.00,0.50,1.03,0.50,0.00,0.00,0.00,0.00,0.00,0.50,0.50,0.00,0.00,0.00,0.00,0.00,0.00,0.00,0.00,0.00
2020-04-29 20:57:09.993751022 +0000 UTC m=+203.187689261,0,50565165056,28953325568,8.78,4.39,1.99,1.51,1.00,1.49,2.00,1.50,1.00,0.00,1.50,1.50,0.99,1.50,1.49,2.48,1.01,2.00,1.00,1.00,11.00,1.04,1.50,1.49,0.50
2020-04-29 20:57:10.007810221 +0000 UTC m=+203.187742821,0,50565165056,28953325568,8.78,4.33,1.96,1.49,1.00,1.49,1.98,1.49,0.99,0.00,1.49,1.49,0.99,1.49,1.49,2.46,1.00,1.98,1.00,1.00,10.95,1.03,1.49,1.48,0.49
2020-04-29 20:57:12.010914195 +0000 UTC m=+205.190847045,0,50565165056,28953325568,8.78,0.00,0.50,0.00,0.00,0.00,0.00,0.50,0.00,0.50,0.00,0.00,0.00,0.00,0.00,0.00,0.00,0.00,0.50,0.00,0.00,0.00,0.00,0.00,0.00
2020-04-29 20:57:12.015324561 +0000 UTC m=+205.209262820,0,50565165056,28953325568,8.78,0.00,0.49,0.00,0.00,0.00,0.00,0.49,0.00,0.50,0.00,0.00,0.00,0.00,0.00,0.00,0.00,0.00,0.50,0.00,0.00,0.00,0.00,0.00,0.00
2020-04-29 20:57:14.017573486 +0000 UTC m=+207.211511745,0,50565165056,28953325568,8.78,0.50,0.50,1.00,0.00,0.00,0.00,0.50,0.00,0.52,0.00,0.99,0.00,0.00,0.50,0.50,0.99,0.50,0.00,0.00,0.00,0.00,0.00,0.00,0.00
2020-04-29 20:57:14.031939276 +0000 UTC m=+207.211871806,0,50565165056,28953325568,8.78,0.50,0.49,0.99,0.00,0.00,0.00,0.49,0.00,0.52,0.00,0.99,0.00,0.00,0.49,0.50,0.99,0.49,0.00,0.00,0.00,0.00,0.00,0.00,0.00
2020-04-29 20:57:16.034979562 +0000 UTC m=+209.214912112,0,50565165056,28953325568,8.78,0.00,0.00,0.00,0.00,0.00,0.00,0.00,0.00,0.52,0.00,0.00,0.00,1.00,0.50,0.00,0.00,0.00,0.00,0.00,0.00,0.00,0.00,0.00,0.00
2020-04-29 20:57:16.039981089 +0000 UTC m=+209.233919358,0,50565165056,28953325568,8.78,0.00,0.00,0.00,0.00,0.00,0.00,0.00,0.00,0.52,0.00,0.00,0.00,0.99,0.50,0.00,0.00,0.00,0.00,0.00,0.00,0.00,0.00,0.00,0.00
2020-04-29 20:57:18.042610157 +0000 UTC m=+211.236548416,0,50565165056,28953350144,8.78,0.50,0.00,0.50,0.00,0.00,0.00,0.00,0.00,0.00,0.00,0.00,0.00,0.00,0.00,0.00,0.00,0.00,0.00,1.52,0.00,0.50,0.00,0.00,0.00
2020-04-29 20:57:18.055931925 +0000 UTC m=+211.235864465,0,50565165056,28953350144,8.78,0.50,0.00,0.50,0.00,0.00,0.00,0.00,0.00,0.00,0.00,0.00,0.00,0.00,0.00,0.00,0.00,0.00,0.00,1.52,0.00,0.50,0.00,0.00,0.00
2020-04-29 20:57:20.059050045 +0000 UTC m=+213.238982605,0,50565165056,28953350144,8.78,0.00,0.00,1.49,0.50,0.00,0.50,0.50,0.00,0.00,0.00,0.00,0.00,0.00,0.00,0.00,0.00,0.00,0.00,0.00,0.00,0.00,0.00,0.00,0.00
2020-04-29 20:57:20.063368541 +0000 UTC m=+213.257306810,0,50565165056,28953350144,8.78,0.00,0.00,1.47,0.49,0.00,0.50,0.50,0.00,0.00,0.00,0.00,0.00,0.00,0.00,0.00,0.00,0.00,0.00,0.00,0.00,0.00,0.00,0.00,0.00
2020-04-29 20:57:22.066192421 +0000 UTC m=+215.260130640,0,50565165056,28953358336,8.78,1.00,0.00,0.00,0.00,0.00,0.50,0.00,0.00,0.50,0.00,0.00,0.00,0.00,0.00,0.50,0.00,0.00,0.00,0.00,0.00,0.00,0.00,0.00,0.00
2020-04-29 20:57:22.07991859 +0000 UTC m=+215.259851150,0,50565165056,28953358336,8.78,0.99,0.00,0.00,0.00,0.00,0.49,0.00,0.00,0.49,0.00,0.00,0.00,0.00,0.00,0.50,0.00,0.00,0.00,0.00,0.00,0.00,0.00,0.00,0.00
2020-04-29 20:57:24.083055952 +0000 UTC m=+217.262988502,0,50565165056,28953358336,8.78,0.50,0.00,0.00,0.00,0.00,0.00,0.00,0.50,0.00,0.00,0.00,0.00,0.00,0.00,0.50,0.00,0.00,0.00,0.52,0.00,0.00,0.00,0.00,0.00
2020-04-29 20:57:24.087832319 +0000 UTC m=+217.281770518,0,50565165056,28953358336,8.78,0.50,0.00,0.00,0.00,0.00,0.00,0.00,0.49,0.00,0.00,0.00,0.00,0.00,0.00,0.50,0.00,0.00,0.00,0.52,0.00,0.00,0.00,0.00,0.00
2020-04-29 20:57:26.090510491 +0000 UTC m=+219.284448700,0,50565165056,28953358336,8.78,1.49,0.00,0.00,0.00,0.50,0.50,0.00,0.00,0.00,0.00,0.00,0.00,1.00,0.00,0.00,0.00,0.00,0.00,1.03,0.00,0.50,0.00,0.00,0.00
2020-04-29 20:57:26.104019139 +0000 UTC m=+219.283951689,0,50565165056,28953358336,8.78,1.48,0.00,0.00,0.00,0.49,0.50,0.00,0.00,0.00,0.00,0.00,0.00,0.99,0.00,0.00,0.00,0.00,0.00,1.02,0.00,0.50,0.00,0.00,0.00
2020-04-29 20:57:28.107385144 +0000 UTC m=+221.287317694,0,50565165056,28953358336,8.78,0.00,0.00,0.00,0.00,0.00,0.00,0.00,0.00,0.00,0.00,0.00,0.00,0.00,0.00,0.00,0.00,0.50,0.00,0.00,0.00,0.51,0.00,0.00,0.50
2020-04-29 20:57:28.11161797 +0000 UTC m=+221.305556179,0,50565165056,28953358336,8.78,0.00,0.00,0.00,0.00,0.00,0.00,0.00,0.00,0.00,0.00,0.00,0.00,0.00,0.00,0.00,0.00,0.49,0.00,0.00,0.00,0.51,0.00,0.00,0.49
2020-04-29 20:57:30.114560005 +0000 UTC m=+223.308498264,0,50565165056,28953358336,8.78,1.00,0.00,0.00,0.00,0.50,0.00,0.50,0.50,0.00,0.00,0.00,0.00,0.00,0.00,0.50,0.00,0.00,0.00,0.00,0.00,0.00,0.00,0.00,0.00
2020-04-29 20:57:30.127893363 +0000 UTC m=+223.307825973,0,50565165056,28953358336,8.78,0.99,0.00,0.00,0.00,0.49,0.00,0.49,0.50,0.00,0.00,0.00,0.00,0.00,0.00,0.50,0.00,0.00,0.00,0.00,0.00,0.00,0.00,0.00,0.00
2020-04-29 20:57:32.130686319 +0000 UTC m=+225.310618929,0,50565165056,28953616384,8.78,1.49,0.50,0.00,0.00,0.00,0.50,0.00,0.00,0.00,0.50,0.00,0.00,0.00,0.00,0.50,0.00,0.00,0.00,0.00,0.00,0.00,0.00,0.00,0.00
2020-04-29 20:57:32.135341546 +0000 UTC m=+225.329279805,0,50565165056,28953616384,8.78,1.48,0.50,0.00,0.00,0.00,0.49,0.00,0.00,0.00,0.49,0.00,0.00,0.00,0.00,0.50,0.00,0.00,0.00,0.00,0.00,0.00,0.00,0.00,0.00
2020-04-29 20:57:34.137696301 +0000 UTC m=+227.331634550,0,50565165056,28953616384,8.78,0.00,0.00,0.00,0.00,0.00,0.00,0.00,0.00,0.00,0.00,0.00,0.00,0.00,0.00,0.50,0.00,0.00,0.00,0.00,0.00,0.51,0.00,0.00,0.00
2020-04-29 20:57:34.151671941 +0000 UTC m=+227.331604521,0,50565165056,28953616384,8.78,0.00,0.00,0.00,0.00,0.00,0.00,0.00,0.00,0.00,0.00,0.00,0.00,0.00,0.00,0.50,0.00,0.00,0.00,0.00,0.00,0.51,0.00,0.00,0.00
2020-04-29 20:57:36.154324349 +0000 UTC m=+229.334256949,0,50565165056,28953616384,8.78,0.50,0.00,0.00,0.00,0.00,0.00,0.00,0.00,0.00,0.00,0.00,0.00,1.00,0.00,0.50,0.00,0.00,0.50,0.00,0.00,1.03,0.00,0.00,0.00
2020-04-29 20:57:36.159386126 +0000 UTC m=+229.353324375,0,50565165056,28953616384,8.78,0.50,0.00,0.00,0.00,0.00,0.00,0.00,0.00,0.00,0.00,0.00,0.00,0.99,0.00,0.50,0.00,0.00,0.49,0.00,0.00,1.02,0.00,0.00,0.00
2020-04-29 20:57:38.161911955 +0000 UTC m=+231.355850214,0,50565165056,28953616384,8.78,1.50,0.50,0.00,0.99,0.99,0.50,0.50,0.50,0.50,0.50,0.00,0.00,0.50,0.00,0.00,0.50,0.50,0.00,0.50,0.00,0.00,0.50,0.00,0.00
2020-04-29 20:57:38.175792034 +0000 UTC m=+231.355724624,0,50565165056,28953616384,8.78,1.48,0.49,0.00,0.99,0.98,0.49,0.49,0.49,0.50,0.50,0.00,0.00,0.50,0.00,0.00,0.50,0.49,0.00,0.50,0.00,0.00,0.50,0.00,0.00
2020-04-29 20:57:40.179017963 +0000 UTC m=+233.358950513,0,50565165056,28954738688,8.78,1.50,1.49,0.50,0.00,0.50,0.50,0.00,0.00,0.00,0.51,0.51,0.50,1.00,0.50,1.99,0.50,9.05,1.50,1.49,0.50,0.00,0.00,0.00,0.00
2020-04-29 20:57:40.18348323 +0000 UTC m=+233.377421499,0,50565165056,28954738688,8.78,1.48,1.47,0.50,0.00,0.50,0.49,0.00,0.00,0.00,0.50,0.51,0.49,0.99,0.50,1.97,0.50,8.96,1.49,1.49,0.49,0.00,0.00,0.00,0.00
2020-04-29 20:57:42.185777249 +0000 UTC m=+235.379715478,0,50565165056,28954742784,8.78,0.00,0.50,0.00,0.00,0.00,0.00,0.00,0.00,0.00,0.00,0.00,0.00,0.00,0.00,0.00,0.50,0.00,0.00,0.00,0.00,0.00,0.00,0.50,0.00
2020-04-29 20:57:42.199751339 +0000 UTC m=+235.379683959,0,50565165056,28954742784,8.78,0.00,0.50,0.00,0.00,0.00,0.00,0.00,0.00,0.00,0.00,0.00,0.00,0.00,0.00,0.00,0.49,0.00,0.00,0.00,0.00,0.00,0.00,0.50,0.00
2020-04-29 20:57:44.202587649 +0000 UTC m=+237.382520299,0,50565165056,28954742784,8.78,0.00,0.50,0.00,0.00,0.00,0.00,0.00,0.00,0.00,0.00,0.51,0.00,0.00,0.00,0.50,0.00,0.00,0.00,0.00,0.00,0.00,0.50,0.00,0.00
2020-04-29 20:57:44.207975467 +0000 UTC m=+237.401913726,0,50565165056,28954742784,8.78,0.00,0.50,0.00,0.00,0.00,0.00,0.00,0.00,0.00,0.00,0.50,0.00,0.00,0.00,0.50,0.00,0.00,0.00,0.00,0.00,0.00,0.49,0.00,0.00
2020-04-29 20:57:46.210765858 +0000 UTC m=+239.404704107,0,50565165056,28954484736,8.78,1.00,0.50,0.00,0.00,0.50,0.00,0.00,0.00,0.00,0.51,0.00,0.00,0.50,0.00,0.00,0.00,0.00,0.50,0.00,0.00,0.00,0.50,0.00,0.50
2020-04-29 20:57:46.224034948 +0000 UTC m=+239.403967548,0,50565165056,28954484736,8.78,0.99,0.50,0.00,0.00,0.50,0.00,0.00,0.00,0.00,0.50,0.00,0.00,0.50,0.00,0.50,0.00,0.00,0.49,0.00,0.00,0.00,0.49,0.00,0.49
2020-04-29 20:57:48.22688642 +0000 UTC m=+241.406819000,0,50565165056,28954525696,8.78,0.50,0.00,1.00,0.50,0.00,0.00,0.00,0.00,0.00,0.00,0.00,0.00,0.50,0.00,0.00,0.00,0.00,0.00,0.00,0.00,0.00,0.00,0.00,0.00
2020-04-29 20:57:48.231431866 +0000 UTC m=+241.425370125,0,50565165056,28954525696,8.78,0.50,0.00,0.99,0.49,0.00,0.00,0.00,0.00,0.00,0.00,0.00,0.00,0.50,0.00,0.50,0.00,0.00,0.00,0.00,0.00,0.00,0.00,0.00,0.00
2020-04-29 20:57:50.233816768 +0000 UTC m=+243.427755007,0,50565165056,28954284032,8.78,0.00,0.00,0.00,1.00,0.00,0.00,0.00,0.50,0.00,0.00,0.00,0.50,0.50,0.00,0.00,0.00,0.00,0.00,0.00,0.00,0.00,0.00,0.00,0.50
2020-04-29 20:57:50.247570028 +0000 UTC m=+243.427502638,0,50565165056,28954542080,8.78,0.00,0.00,0.00,0.99,0.00,0.00,0.00,0.49,0.00,0.00,0.00,0.50,0.50,0.00,0.00,0.00,0.00,0.00,0.00,0.00,0.00,0.00,0.00,0.50
2020-04-29 20:57:52.25013421 +0000 UTC m=+245.430066810,0,50565165056,28954316800,8.78,0.00,0.50,1.00,0.00,0.00,0.00,0.00,0.00,0.00,0.51,0.00,0.00,0.50,0.00,0.50,0.00,0.00,0.00,0.00,0.00,0.00,0.00,0.00,0.00
2020-04-29 20:57:52.255657448 +0000 UTC m=+245.449595727,0,50565165056,28954316800,8.78,0.00,0.49,0.99,0.00,0.00,0.00,0.00,0.00,0.00,0.51,0.00,0.00,0.50,0.00,0.50,0.00,0.00,0.00,0.00,0.00,0.00,0.00,0.00,0.00
2020-04-29 20:57:54.258407832 +0000 UTC m=+247.452346091,0,50565165056,28954316800,8.78,0.50,0.00,0.00,0.00,0.50,0.00,0.00,0.50,0.00,0.52,0.00,0.00,0.00,1.00,1.00,0.00,0.00,0.00,0.00,0.00,0.00,0.50,0.00,0.00
2020-04-29 20:57:54.272183912 +0000 UTC m=+247.452116462,0,50565165056,28954316800,8.78,0.49,0.00,0.00,0.00,0.49,0.00,0.00,0.50,0.00,0.51,0.00,0.00,0.00,0.99,0.99,0.00,0.00,0.00,0.00,0.00,0.00,0.50,0.00,0.00
2020-04-29 20:57:56.274984286 +0000 UTC m=+249.454916866,0,50565165056,28954316800,8.78,0.00,0.00,0.50,0.00,0.50,0.00,0.00,0.00,0.00,0.52,0.00,0.50,0.50,0.00,0.00,0.00,0.00,0.00,0.00,0.00,0.00,0.00,0.00,0.00
2020-04-29 20:57:56.280078133 +0000 UTC m=+249.474016412,0,50565165056,28954316800,8.78,0.00,0.00,0.50,0.00,0.49,0.00,0.00,0.00,0.00,0.52,0.00,0.49,0.50,0.00,0.00,0.00,0.00,0.00,0.00,0.00,0.00,0.00,0.00,0.00
2020-04-29 20:57:58.282483347 +0000 UTC m=+251.476421596,0,50565165056,28954316800,8.78,0.00,0.00,0.00,0.00,0.00,0.00,0.50,0.50,0.00,0.52,0.00,0.50,0.00,0.50,0.50,0.00,0.50,0.00,0.50,0.00,0.50,0.00,0.00,0.50
2020-04-29 20:57:58.295870267 +0000 UTC m=+251.475802877,0,50565165056,28954316800,8.78,0.00,0.00,0.00,0.00,0.00,0.00,0.49,0.49,0.00,0.52,0.00,0.49,0.00,0.50,0.50,0.00,0.49,0.00,0.50,0.00,0.49,0.00,0.00,0.50
2020-04-29 20:58:00.298527531 +0000 UTC m=+253.478460111,0,50565165056,28954316800,8.78,0.00,0.00,0.00,1.00,0.00,0.00,0.00,0.50,0.00,1.03,0.00,0.00,0.50,0.50,0.50,0.00,0.00,0.50,0.00,0.00,0.00,0.00,0.00,0.00
2020-04-29 20:58:00.303468409 +0000 UTC m=+253.497406678,0,50565165056,28954316800,8.78,0.00,0.00,0.00,0.98,0.00,0.00,0.00,0.49,0.00,1.02,0.00,0.00,0.49,0.50,0.50,0.00,0.00,0.50,0.00,0.00,0.00,0.00,0.00,0.00
2020-04-29 20:58:02.305881253 +0000 UTC m=+255.499819512,0,50565165056,28954316800,8.78,0.00,0.00,0.50,0.00,0.00,0.00,0.00,0.00,0.00,0.51,0.00,0.00,0.00,0.50,0.00,0.00,0.00,0.00,0.00,0.00,0.00,0.00,0.00,0.00
2020-04-29 20:58:02.319720813 +0000 UTC m=+255.499653403,0,50565165056,28954316800,8.78,0.00,0.00,0.50,0.00,0.00,0.00,0.00,0.00,0.00,0.51,0.00,0.00,0.00,0.50,0.00,0.00,0.00,0.00,0.00,0.00,0.00,0.00,0.00,0.00
2020-04-29 20:58:04.322278038 +0000 UTC m=+257.502210648,0,50565165056,28954316800,8.78,0.50,0.00,0.00,0.00,0.00,0.00,0.00,0.00,0.00,0.00,0.00,0.00,0.00,0.00,0.00,0.00,0.50,0.00,0.00,0.00,0.00,0.00,0.00,0.52
2020-04-29 20:58:04.327365656 +0000 UTC m=+257.521303945,0,50565165056,28954316800,8.78,0.50,0.00,0.00,0.00,0.00,0.00,0.00,0.00,0.00,0.00,0.00,0.00,0.00,0.00,0.00,0.00,0.49,0.00,0.00,0.00,0.00,0.00,0.00,0.51
2020-04-29 20:58:06.32966064 +0000 UTC m=+259.523598909,0,50565165056,28954316800,8.78,0.00,0.00,1.00,0.00,0.00,0.00,0.00,0.00,0.00,0.51,0.00,0.00,0.51,0.00,0.00,0.00,0.00,0.00,0.00,0.00,0.00,0.00,0.00,0.00
2020-04-29 20:58:06.343948692 +0000 UTC m=+259.523881302,0,50565165056,28954316800,8.78,0.00,0.00,0.99,0.00,0.00,0.00,0.00,0.00,0.00,0.51,0.00,0.00,0.50,0.00,0.00,0.00,0.00,0.00,0.00,0.00,0.00,0.00,0.00,0.00
2020-04-29 20:58:08.346529707 +0000 UTC m=+261.526462287,0,50565165056,28954316800,8.78,0.00,0.00,0.00,0.00,0.00,0.00,0.00,0.00,0.00,0.00,0.00,0.00,0.00,0.00,0.00,0.00,0.00,0.00,0.00,0.00,0.00,0.00,0.00,0.00
2020-04-29 20:58:08.351326794 +0000 UTC m=+261.545265053,0,50565165056,28954316800,8.78,0.00,0.00,0.00,0.00,0.00,0.00,0.00,0.00,0.00,0.00,0.00,0.00,0.00,0.00,0.00,0.00,0.00,0.00,0.00,0.00,0.00,0.00,0.00,0.00
2020-04-29 20:58:10.35380128 +0000 UTC m=+263.547739559,0,50565165056,28952018944,8.78,8.00,1.00,1.50,0.50,0.00,0.00,0.00,0.00,0.00,0.00,0.50,0.50,0.50,3.02,1.50,1.00,0.50,0.50,0.00,0.00,0.00,0.00,0.00,0.51
2020-04-29 20:58:10.368559922 +0000 UTC m=+263.548492562,0,50565165056,28952018944,8.78,7.92,0.99,1.49,0.50,0.00,0.00,0.00,0.00,0.00,0.00,0.50,0.49,0.50,2.97,1.49,0.99,0.50,0.49,0.00,0.00,0.00,0.00,0.00,0.51
2020-04-29 20:58:12.371141278 +0000 UTC m=+265.551073868,0,50565165056,28952641536,8.78,0.50,0.00,0.00,0.50,0.50,0.00,0.00,0.99,0.50,0.51,0.00,0.50,0.00,0.00,0.00,0.00,0.00,0.50,0.00,0.50,0.00,0.00,0.00,0.51
2020-04-29 20:58:12.375446475 +0000 UTC m=+265.569384734,0,50565165056,28952641536,8.78,0.49,0.00,0.00,0.49,0.50,0.00,0.00,0.98,0.49,0.51,0.00,0.49,0.00,0.00,0.00,0.00,0.00,0.49,0.00,0.49,0.00,0.00,0.00,0.50
2020-04-29 20:58:14.378018361 +0000 UTC m=+267.571956630,0,50565165056,28952641536,8.78,0.00,0.00,0.50,0.00,0.00,0.00,0.50,0.00,0.00,0.00,0.50,0.00,0.00,0.00,0.00,0.00,0.00,0.00,0.00,0.00,0.00,0.50,0.00,0.00
2020-04-29 20:58:14.391768181 +0000 UTC m=+267.571700791,0,50565165056,28952641536,8.78,0.00,0.00,0.50,0.00,0.00,0.00,0.49,0.00,0.00,0.00,0.50,0.00,0.50,0.00,0.00,0.00,0.00,0.00,0.00,0.00,0.00,0.49,0.00,0.00
2020-04-29 20:58:16.394667298 +0000 UTC m=+269.574599878,0,50565165056,28952641536,8.78,0.00,1.00,0.00,0.00,0.00,0.00,0.00,0.00,0.00,0.51,0.00,0.00,0.50,0.00,0.00,0.00,0.00,0.00,0.00,0.00,0.00,0.00,0.00,1.02
2020-04-29 20:58:16.399313825 +0000 UTC m=+269.593252094,0,50565165056,28952641536,8.78,0.00,0.99,0.00,0.00,0.00,0.00,0.00,0.00,0.00,0.50,0.00,0.00,0.99,0.00,0.00,0.00,0.00,0.00,0.00,0.00,0.00,0.00,0.00,1.01
2020-04-29 20:58:18.40154298 +0000 UTC m=+271.595481259,0,50565165056,28952649728,8.78,0.00,0.50,1.00,0.00,0.00,0.00,0.50,0.00,0.00,0.52,0.00,0.00,0.00,0.00,0.50,0.00,0.00,0.00,0.50,0.50,0.00,0.00,0.00,0.50
2020-04-29 20:58:18.415803122 +0000 UTC m=+271.595735722,0,50565165056,28952649728,8.78,0.00,0.50,0.99,0.00,0.00,0.00,0.50,0.00,0.00,0.51,0.00,0.00,0.00,0.00,0.50,0.00,0.00,0.00,0.49,0.50,0.00,0.00,0.00,0.50
2020-04-29 20:58:20.418519698 +0000 UTC m=+273.598452288,0,50565165056,28952649728,8.78,0.50,0.00,0.50,0.00,0.00,0.00,0.00,0.00,0.00,0.52,0.00,0.00,0.00,0.00,1.00,0.00,0.00,0.00,0.00,0.00,0.00,0.00,0.50,1.49
2020-04-29 20:58:20.423307435 +0000 UTC m=+273.617245704,0,50565165056,28952649728,8.78,0.49,0.00,0.50,0.00,0.00,0.00,0.00,0.00,0.00,0.52,0.00,0.00,0.00,0.00,0.99,0.00,0.00,0.00,0.00,0.00,0.00,0.00,0.49,1.48
2020-04-29 20:58:22.425585911 +0000 UTC m=+275.619524140,0,50565165056,28952649728,8.78,0.50,1.01,0.00,0.00,0.50,0.50,0.00,0.00,0.50,0.52,0.50,0.00,0.50,0.00,1.00,0.50,0.00,0.00,0.00,0.00,0.50,0.50,0.00,1.00
2020-04-29 20:58:22.439666152 +0000 UTC m=+275.619598762,0,50565165056,28952649728,8.78,0.49,0.99,0.00,0.00,0.49,0.50,0.00,0.00,0.50,0.52,0.49,0.00,0.50,0.00,0.99,0.49,0.00,0.00,0.00,0.00,0.49,0.50,0.00,0.98
2020-04-29 20:58:24.442826609 +0000 UTC m=+277.622759169,0,50565165056,28952649728,8.78,0.00,0.50,0.00,0.00,0.00,0.00,0.00,0.00,0.00,0.00,0.50,0.00,0.00,0.00,0.00,0.00,0.00,0.00,0.00,0.00,0.00,0.00,0.00,0.50
2020-04-29 20:58:24.447967406 +0000 UTC m=+277.641905655,0,50565165056,28952649728,8.78,0.00,0.50,0.00,0.00,0.00,0.00,0.00,0.00,0.00,0.00,0.49,0.00,0.00,0.00,0.00,0.00,0.00,0.00,0.00,0.00,0.00,0.00,0.00,0.50
2020-04-29 20:58:26.450438602 +0000 UTC m=+279.644376861,0,50565165056,28952649728,8.78,0.00,0.00,0.50,0.00,0.00,0.00,0.00,0.00,0.00,0.00,0.00,0.00,1.00,0.00,0.50,0.00,0.00,0.00,0.50,0.50,0.00,0.00,0.50,0.00
2020-04-29 20:58:26.463763003 +0000 UTC m=+279.643695603,0,50565165056,28952649728,8.78,0.00,0.00,0.50,0.00,0.00,0.00,0.00,0.00,0.00,0.00,0.00,0.00,1.00,0.00,0.50,0.00,0.00,0.00,0.49,0.49,0.00,0.00,0.49,0.00
2020-04-29 20:58:28.466236757 +0000 UTC m=+281.646169347,0,50565165056,28952653824,8.78,0.00,0.00,0.50,0.00,0.00,0.00,0.00,0.00,0.00,0.00,1.03,0.00,0.50,0.50,0.00,0.00,0.00,0.00,0.00,0.00,0.00,0.00,0.00,0.00
2020-04-29 20:58:28.471709826 +0000 UTC m=+281.665648085,0,50565165056,28952653824,8.78,0.00,0.00,0.50,0.00,0.00,0.00,0.00,0.00,0.00,0.00,1.03,0.00,0.50,0.49,0.00,0.00,0.00,0.00,0.00,0.00,0.00,0.00,0.00,0.00
2020-04-29 20:58:30.474151691 +0000 UTC m=+283.668089930,0,50565165056,28952653824,8.78,0.00,0.00,0.50,0.00,0.00,0.00,0.00,0.00,0.00,0.00,0.51,0.00,0.50,0.00,0.50,0.00,0.00,0.00,0.00,0.50,0.00,0.50,1.49,0.00
2020-04-29 20:58:30.487441752 +0000 UTC m=+283.667374342,0,50565165056,28952653824,8.78,0.00,0.00,0.50,0.00,0.00,0.00,0.00,0.00,0.00,0.00,0.51,0.00,0.50,0.00,0.50,0.00,0.00,0.00,0.00,0.49,0.00,0.49,1.48,0.00
2020-04-29 20:58:32.489899377 +0000 UTC m=+285.669831937,0,50565165056,28952657920,8.78,0.00,0.00,0.50,0.00,0.00,0.00,0.00,0.00,0.50,0.00,0.51,0.00,0.00,0.00,0.50,0.00,0.00,0.00,0.00,0.00,0.00,0.50,0.00,0.50
2020-04-29 20:58:32.495663225 +0000 UTC m=+285.689601484,0,50565165056,28952657920,8.78,0.00,0.00,0.50,0.00,0.00,0.00,0.00,0.00,0.49,0.00,0.51,0.00,0.00,0.00,0.50,0.00,0.00,0.00,0.00,0.00,0.00,0.50,0.00,0.49
2020-04-29 20:58:34.498488731 +0000 UTC m=+287.692427000,0,50565165056,28952657920,8.78,0.00,0.50,0.50,0.00,0.50,0.00,0.50,0.00,0.00,0.50,1.03,1.00,1.00,0.00,0.00,0.00,0.50,0.00,0.00,0.00,0.00,0.50,0.50,0.00
2020-04-29 20:58:34.511837661 +0000 UTC m=+287.691770271,0,50565165056,28952657920,8.78,0.00,0.49,0.50,0.00,0.50,0.00,0.50,0.00,0.00,0.49,1.03,0.99,0.99,0.00,0.00,0.00,0.49,0.00,0.00,0.00,0.00,0.49,0.50,0.00
2020-04-29 20:58:36.514752556 +0000 UTC m=+289.694685166,0,50565165056,28952915968,8.78,0.00,0.00,0.00,0.00,0.00,0.00,0.00,0.00,0.00,0.00,0.52,0.00,1.50,0.00,0.00,0.00,0.00,0.00,0.50,0.00,0.00,0.00,0.00,0.50
2020-04-29 20:58:36.519720344 +0000 UTC m=+289.713658603,0,50565165056,28952915968,8.78,0.00,0.00,0.00,0.00,0.00,0.00,0.00,0.00,0.00,0.00,0.52,0.00,1.48,0.00,0.00,0.00,0.00,0.00,0.49,0.00,0.00,0.00,0.00,0.49
2020-04-29 20:58:38.522424068 +0000 UTC m=+291.716362317,0,50565165056,28952915968,8.78,0.00,0.00,0.00,0.00,0.00,0.00,0.00,0.00,0.50,0.50,0.52,0.00,0.00,0.00,1.00,0.00,0.00,0.00,0.00,0.00,0.00,0.00,0.50,0.00
2020-04-29 20:58:38.536552891 +0000 UTC m=+291.716485451,0,50565165056,28952915968,8.78,0.00,0.00,0.00,0.00,0.00,0.00,0.00,0.00,0.49,0.49,0.52,0.00,0.00,0.00,0.99,0.00,0.00,0.00,0.00,0.00,0.00,0.00,0.50,0.00
2020-04-29 20:58:40.539422395 +0000 UTC m=+293.719355035,0,50565165056,28953178112,8.78,2.93,1.50,1.00,10.89,1.49,0.50,0.00,0.50,0.00,1.49,0.52,0.00,0.50,1.00,0.00,0.50,0.50,0.50,0.00,0.00,0.00,0.00,0.00,0.00
2020-04-29 20:58:40.544013501 +0000 UTC m=+293.737951750,0,50565165056,28953178112,8.78,2.91,1.49,1.00,10.84,1.47,0.50,0.00,0.50,0.00,1.47,0.51,0.00,0.50,0.99,0.00,0.50,0.49,0.49,0.00,0.00,0.00,0.00,0.00,0.00
2020-04-29 20:58:42.546347864 +0000 UTC m=+295.740286103,0,50565165056,28953178112,8.78,0.00,0.00,0.00,0.00,0.00,0.00,0.00,0.50,0.00,0.50,0.00,0.00,0.00,0.50,0.00,0.00,0.00,0.00,0.00,0.00,0.00,0.00,0.00,0.50
2020-04-29 20:58:42.559830685 +0000 UTC m=+295.739763285,0,50565165056,28953178112,8.78,0.00,0.00,0.00,0.00,0.00,0.00,0.00,0.50,0.00,0.49,0.00,0.00,0.00,0.50,0.00,0.00,0.00,0.00,0.00,0.00,0.00,0.00,0.00,0.50
2020-04-29 20:58:44.562456198 +0000 UTC m=+297.742388808,0,50565165056,28953178112,8.78,0.00,0.00,0.00,0.50,0.00,0.00,0.50,0.00,0.50,0.00,0.00,0.00,0.00,0.00,1.00,0.00,0.00,0.00,0.00,0.00,0.00,0.00,0.00,0.00
2020-04-29 20:58:44.567268166 +0000 UTC m=+297.761206455,0,50565165056,28953178112,8.78,0.00,0.00,0.00,0.49,0.00,0.00,0.49,0.00,0.49,0.00,0.00,0.00,0.00,0.00,0.99,0.00,0.00,0.00,0.00,0.00,0.00,0.00,0.00,0.00
2020-04-29 20:58:46.579250723 +0000 UTC m=+299.773188982,0,50565165056,28953985024,8.78,0.00,0.00,0.00,0.00,0.00,0.00,0.00,0.00,0.00,0.50,0.00,0.00,1.00,0.50,0.50,0.00,0.00,0.00,0.00,0.00,0.50,0.00,0.00,0.00
2020-04-29 20:58:46.583440509 +0000 UTC m=+299.763373129,0,50565165056,28953985024,8.78,0.00,0.00,0.00,0.00,0.00,0.00,0.00,0.00,0.00,0.50,0.00,0.00,1.00,0.50,0.50,0.00,0.00,0.00,0.00,0.00,0.50,0.00,0.00,0.00
2020-04-29 20:58:48.585640611 +0000 UTC m=+301.765573161,0,50565165056,28953985024,8.78,0.00,0.50,1.00,0.00,0.00,0.00,0.00,0.00,0.00,0.00,0.00,0.00,0.00,0.00,0.00,0.00,0.00,0.00,0.00,0.00,0.00,0.00,0.00,0.00
2020-04-29 20:58:48.599551552 +0000 UTC m=+301.793489811,0,50565165056,28953985024,8.78,0.00,0.49,0.99,0.00,0.00,0.00,0.00,0.00,0.00,0.00,0.00,0.00,0.00,0.00,0.00,0.00,0.00,0.00,0.00,0.00,0.00,0.00,0.00,0.00
2020-04-29 20:58:50.602017103 +0000 UTC m=+303.795955352,0,50565165056,28953985024,8.78,0.00,0.00,0.00,0.50,0.00,0.00,0.00,0.00,0.00,0.00,0.00,0.00,1.00,0.00,0.00,0.00,0.00,0.00,0.00,0.00,0.00,0.00,0.00,0.50
2020-04-29 20:58:50.607721072 +0000 UTC m=+303.787653712,0,50565165056,28953985024,8.78,0.00,0.00,0.00,0.50,0.00,0.00,0.00,0.00,0.00,0.00,0.00,0.00,0.99,0.00,0.00,0.00,0.00,0.00,0.00,0.00,0.00,0.00,0.00,0.49
2020-04-29 20:58:52.610626903 +0000 UTC m=+305.790559493,0,50565165056,28954243072,8.78,0.00,0.00,1.00,0.00,0.00,0.00,0.00,0.00,0.52,0.00,0.00,0.00,0.00,0.00,0.00,0.00,0.00,0.00,0.00,0.00,0.00,0.00,0.00,0.00
2020-04-29 20:58:52.623512604 +0000 UTC m=+305.817450873,0,50565165056,28954243072,8.78,0.00,0.00,0.99,0.00,0.00,0.00,0.00,0.00,0.52,0.00,0.00,0.00,0.00,0.00,0.00,0.00,0.00,0.00,0.00,0.00,0.00,0.00,0.00,0.00
